STATION,DATE,LATITUDE,LONGITUDE,ELEVATION,NAME,TEMP,TEMP_ATTRIBUTES,DEWP,DEWP_ATTRIBUTES,SLP,SLP_ATTRIBUTES,STP,STP_ATTRIBUTES,VISIB,VISIB_ATTRIBUTES,WDSP,WDSP_ATTRIBUTES,MXSPD,GUST,MAX,MAX_ATTRIBUTES,MIN,MIN_ATTRIBUTES,PRCP,PRCP_ATTRIBUTES,SNDP,FRSHTT
72591024216,2018-01-01,40.15186,-122.25478,108.0,"RED BLUFF MUNICIPAL AIRPORT, CA US",52.1,24,40.2,24,1021.9,24,8.9,24,10.0,24,3.8,24,8.0,,71.1, ,37.0, ,0.0,G,,0
72591024216,2018-01-02,40.15186,-122.25478,108.0,"RED BLUFF MUNICIPAL AIRPORT, CA US",49.4,24,38.9,24,1022.5,24,9.6,24,10.0,24,4.0,24,7.0,,71.1, ,37.0, ,0.0,G,,0
72591024216,2018-01-03,40.15186,-122.25478,108.0,"RED BLUFF MUNICIPAL AIRPORT, CA US",51.9,24,42.1,24,1018.9,24,6.1,24,10.0,24,4.2,24,7.0,,63.0, ,37.0, ,0.0,G,,0
72591024216,2018-01-04,40.15186,-122.25478,108.0,"RED BLUFF MUNICIPAL AIRPORT, CA US",53.1,24,48.8,24,1017.6,14,5.5,24,6.5,24,3.7,24,8.0,,61.0, ,41.0, ,0.04,G,,10000
72591024216,2018-01-05,40.15186,-122.25478,108.0,"RED BLUFF MUNICIPAL AIRPORT, CA US",56.0,24,54.4,24,1019.6,15,6.7,24,4.6,24,6.0,24,15.0,21.0,60.8,*,53.1,*,0.33,G,,110000
72591024216,2018-01-06,40.15186,-122.25478,108.0,"RED BLUFF MUNICIPAL AIRPORT, CA US",54.1,24,49.4,24,1021.9,14,8.8,24,8.1,24,3.2,24,12.0,,62.1, ,43.0, ,0.03,G,,110000
72591024216,2018-01-07,40.15186,-122.25478,108.0,"RED BLUFF MUNICIPAL AIRPORT, CA US",46.2,24,40.8,24,1021.7,24,8.8,24,9.9,24,3.9,24,8.9,,62.1, ,37.0, ,0.0,G,,0
72591024216,2018-01-08,40.15186,-122.25478,108.0,"RED BLUFF MUNICIPAL AIRPORT, CA US",50.5,24,46.6,24,1015.0,20,1.9,24,8.0,24,4.1,24,7.0,,55.9, ,37.0, ,0.01,G,,10000
72591024216,2018-01-09,40.15186,-122.25478,108.0,"RED BLUFF MUNICIPAL AIRPORT, CA US",53.1,24,51.6,24,1004.6,18,991.9,24,7.6,24,3.5,24,7.0,,63.0, ,48.9, ,1.52,G,,10000
72591024216,2018-01-10,40.15186,-122.25478,108.0,"RED BLUFF MUNICIPAL AIRPORT, CA US",52.2,24,47.9,24,1011.5,11,1.6,24,8.3,24,4.4,24,12.0,18.1,63.0, ,48.0, ,0.03,G,,10000
72591024216,2018-01-11,40.15186,-122.25478,108.0,"RED BLUFF MUNICIPAL AIRPORT, CA US",52.0,24,49.3,24,1024.1,21,11.6,24,9.1,24,3.3,24,9.9,,55.0, ,48.0, ,0.15,G,,0
72591024216,2018-01-12,40.15186,-122.25478,108.0,"RED BLUFF MUNICIPAL AIRPORT, CA US",55.0,24,49.9,24,1027.3,22,14.5,24,9.4,24,4.7,24,11.1,21.0,64.0, ,48.0, ,0.0,G,,0
72591024216,2018-01-13,40.15186,-122.25478,108.0,"RED BLUFF MUNICIPAL AIRPORT, CA US",50.3,24,40.2,24,1025.4,24,12.5,24,10.0,24,6.0,24,8.9,,64.0, ,43.0, ,0.0,G,,0
72591024216,2018-01-14,40.15186,-122.25478,108.0,"RED BLUFF MUNICIPAL AIRPORT, CA US",47.1,24,44.0,24,1022.7,20,9.9,24,5.6,24,3.5,24,8.9,,60.1, ,37.9, ,0.0,G,,100000
72591024216,2018-01-15,40.15186,-122.25478,108.0,"RED BLUFF MUNICIPAL AIRPORT, CA US",46.1,24,44.4,24,1020.5,18,7.7,24,3.0,24,2.0,24,8.0,,60.1, ,37.9, ,0.0,G,,100000
72591024216,2018-01-16,40.15186,-122.25478,108.0,"RED BLUFF MUNICIPAL AIRPORT, CA US",52.9,24,49.5,24,1022.0,19,9.4,24,6.2,24,4.3,24,8.9,,62.1, ,37.9, ,0.12,G,,10000
72591024216,2018-01-17,40.15186,-122.25478,108.0,"RED BLUFF MUNICIPAL AIRPORT, CA US",54.5,24,50.8,24,1023.7,19,10.8,24,8.6,24,1.3,24,6.0,,62.1, ,48.9, ,0.01,G,,0
72591024216,2018-01-18,40.15186,-122.25478,108.0,"RED BLUFF MUNICIPAL AIRPORT, CA US",52.1,24,50.7,24,1018.2,13,6.0,24,3.6,24,9.2,24,15.9,19.0,62.1, ,50.0, ,0.0,G,,110000
72591024216,2018-01-19,40.15186,-122.25478,108.0,"RED BLUFF MUNICIPAL AIRPORT, CA US",47.9,24,42.5,24,1016.8,24,3.8,24,9.0,24,3.5,24,9.9,,57.0, ,37.0, ,0.11,G,,10000
72591024216,2018-01-20,40.15186,-122.25478,108.0,"RED BLUFF MUNICIPAL AIRPORT, CA US",43.6,24,34.0,24,1020.2,24,7.3,24,10.0,24,7.1,24,13.0,19.0,57.9, ,34.0, ,0.01,G,,10000
72591024216,2018-01-21,40.15186,-122.25478,108.0,"RED BLUFF MUNICIPAL AIRPORT, CA US",42.2,24,33.7,24,1025.1,24,12.0,24,10.0,24,4.5,24,9.9,,57.9, ,34.0, ,0.0,G,,0
72591024216,2018-01-22,40.15186,-122.25478,108.0,"RED BLUFF MUNICIPAL AIRPORT, CA US",46.8,24,44.3,24,1026.3,12,13.4,24,5.7,24,5.2,24,13.0,19.0,52.0, ,35.1, ,0.52,G,,10000
72591024216,2018-01-23,40.15186,-122.25478,108.0,"RED BLUFF MUNICIPAL AIRPORT, CA US",45.2,24,41.2,24,1026.4,24,13.4,24,10.0,24,3.3,24,7.0,,54.0, ,35.1, ,0.09,G,,0
72591024216,2018-01-24,40.15186,-122.25478,108.0,"RED BLUFF MUNICIPAL AIRPORT, CA US",48.3,24,44.6,24,1020.1,17,6.0,24,8.2,24,6.6,24,20.0,25.1,55.0, ,35.1, ,0.0,G,,10000
72591024216,2018-01-25,40.15186,-122.25478,108.0,"RED BLUFF MUNICIPAL AIRPORT, CA US",46.0,24,43.2,24,1015.3,21,2.2,24,9.0,24,7.8,24,19.0,26.0,51.1, ,39.0, ,0.33,G,,110000
72591024216,2018-01-26,40.15186,-122.25478,108.0,"RED BLUFF MUNICIPAL AIRPORT, CA US",45.4,24,41.0,24,1024.0,14,11.7,24,9.9,24,4.4,24,11.1,,51.1, ,39.0, ,0.01,G,,0
72591024216,2018-01-27,40.15186,-122.25478,108.0,"RED BLUFF MUNICIPAL AIRPORT, CA US",46.7,24,42.6,24,1029.9,20,16.8,24,8.5,24,1.7,24,8.0,,54.0, ,39.9, ,0.0,G,,0
72591024216,2018-01-28,40.15186,-122.25478,108.0,"RED BLUFF MUNICIPAL AIRPORT, CA US",50.0,24,41.0,24,1029.8,24,16.8,24,10.0,24,6.8,24,9.9,,64.9, ,39.9, ,0.0,G,,0
72591024216,2018-01-29,40.15186,-122.25478,108.0,"RED BLUFF MUNICIPAL AIRPORT, CA US",49.6,24,44.1,24,1026.0,24,13.1,24,10.0,24,3.2,24,8.0,,64.9, ,39.9, ,0.0,G,,0
72591024216,2018-01-30,40.15186,-122.25478,108.0,"RED BLUFF MUNICIPAL AIRPORT, CA US",49.0,24,41.7,24,1021.8,24,9.1,22,10.0,24,2.8,24,7.0,,66.9, ,37.9, ,0.0,G,,0
72591024216,2018-01-31,40.15186,-122.25478,108.0,"RED BLUFF MUNICIPAL AIRPORT, CA US",50.7,24,40.4,24,1019.4,24,6.6,24,10.0,24,5.0,24,8.9,,66.9, ,37.0, ,0.0,G,,0
72591024216,2018-02-01,40.15186,-122.25478,108.0,"RED BLUFF MUNICIPAL AIRPORT, CA US",57.2,24,40.7,24,1019.2,24,6.4,24,10.0,24,5.1,24,8.9,,77.0, ,37.0, ,0.0,G,,0
72591024216,2018-02-02,40.15186,-122.25478,108.0,"RED BLUFF MUNICIPAL AIRPORT, CA US",61.9,24,43.8,24,1021.7,24,8.9,24,10.0,24,8.6,24,18.1,22.9,79.0, ,46.9, ,0.0,G,,0
72591024216,2018-02-03,40.15186,-122.25478,108.0,"RED BLUFF MUNICIPAL AIRPORT, CA US",67.9,24,41.1,24,1022.5,24,9.8,24,10.0,24,12.1,24,17.1,25.1,81.0, ,48.0, ,0.0,G,,0
72591024216,2018-02-04,40.15186,-122.25478,108.0,"RED BLUFF MUNICIPAL AIRPORT, CA US",66.8,24,45.5,24,1020.4,24,7.8,24,10.0,24,7.6,24,15.9,,81.0, ,53.1, ,0.0,G,,0
72591024216,2018-02-05,40.15186,-122.25478,108.0,"RED BLUFF MUNICIPAL AIRPORT, CA US",64.5,24,42.5,24,1017.6,24,5.0,24,10.0,24,7.2,24,15.9,22.0,81.0, ,51.1, ,0.0,G,,0
72591024216,2018-02-06,40.15186,-122.25478,108.0,"RED BLUFF MUNICIPAL AIRPORT, CA US",61.4,24,30.7,24,1019.2,24,6.5,24,10.0,24,10.1,24,18.1,28.0,79.0, ,48.9, ,0.0,G,,0
72591024216,2018-02-07,40.15186,-122.25478,108.0,"RED BLUFF MUNICIPAL AIRPORT, CA US",61.1,24,31.1,24,1023.1,24,10.3,24,10.0,24,6.8,24,11.1,,78.1, ,41.0, ,0.0,G,,0
72591024216,2018-02-08,40.15186,-122.25478,108.0,"RED BLUFF MUNICIPAL AIRPORT, CA US",57.6,24,37.5,24,1023.4,24,10.6,24,10.0,24,3.8,24,7.0,,78.1, ,41.0, ,0.0,G,,0
72591024216,2018-02-09,40.15186,-122.25478,108.0,"RED BLUFF MUNICIPAL AIRPORT, CA US",58.9,24,42.6,24,1018.9,24,6.1,24,10.0,24,6.1,24,8.9,,75.9, ,42.1, ,0.0,G,,0
72591024216,2018-02-10,40.15186,-122.25478,108.0,"RED BLUFF MUNICIPAL AIRPORT, CA US",57.9,24,33.6,24,1015.8,24,3.0,24,10.0,24,11.0,24,27.0,38.1,75.9, ,46.9, ,0.0,G,,0
72591024216,2018-02-11,40.15186,-122.25478,108.0,"RED BLUFF MUNICIPAL AIRPORT, CA US",48.5,24,21.8,24,1014.6,24,1.8,24,10.0,24,6.9,24,15.0,22.0,64.0, ,35.1, ,0.0,G,,0
72591024216,2018-02-12,40.15186,-122.25478,108.0,"RED BLUFF MUNICIPAL AIRPORT, CA US",50.3,24,28.5,24,1011.0,24,998.3,24,10.0,24,11.2,24,25.1,31.1,60.1, ,35.1, ,0.0,G,,0
72591024216,2018-02-13,40.15186,-122.25478,108.0,"RED BLUFF MUNICIPAL AIRPORT, CA US",50.7,24,21.6,24,1020.5,24,7.6,24,10.0,24,11.1,24,25.1,28.9,64.9, ,37.0, ,0.0,G,,0
72591024216,2018-02-14,40.15186,-122.25478,108.0,"RED BLUFF MUNICIPAL AIRPORT, CA US",44.3,24,27.6,24,1021.0,24,8.1,24,10.0,24,3.8,24,9.9,,64.9, ,30.9, ,0.0,G,,0
72591024216,2018-02-15,40.15186,-122.25478,108.0,"RED BLUFF MUNICIPAL AIRPORT, CA US",51.5,24,26.6,24,1024.1,24,11.2,24,9.9,24,9.7,24,19.0,24.1,64.0, ,30.9, ,0.0,G,,0
72591024216,2018-02-16,40.15186,-122.25478,108.0,"RED BLUFF MUNICIPAL AIRPORT, CA US",51.2,24,22.6,24,1024.9,24,12.0,24,10.0,24,5.6,24,19.0,,70.0, ,32.0, ,0.0,G,,0
72591024216,2018-02-17,40.15186,-122.25478,108.0,"RED BLUFF MUNICIPAL AIRPORT, CA US",53.9,24,33.7,24,1021.2,24,8.4,24,10.0,24,4.3,24,9.9,,70.0, ,32.0, ,0.0,G,,0
72591024216,2018-02-18,40.15186,-122.25478,108.0,"RED BLUFF MUNICIPAL AIRPORT, CA US",53.4,24,34.5,24,1013.0,24,0.2,24,10.0,24,7.9,24,19.0,32.1,68.0, ,37.0, ,0.0,G,,0
72591024216,2018-02-19,40.15186,-122.25478,108.0,"RED BLUFF MUNICIPAL AIRPORT, CA US",41.6,24,21.0,24,1013.4,24,0.5,24,10.0,24,8.7,24,17.1,29.9,57.0, ,26.1, ,0.0,G,,0
72591024216,2018-02-20,40.15186,-122.25478,108.0,"RED BLUFF MUNICIPAL AIRPORT, CA US",39.6,24,17.3,24,1021.6,24,8.6,24,10.0,24,6.4,24,13.0,19.0,54.0, ,26.1, ,0.0,G,,0
72591024216,2018-02-21,40.15186,-122.25478,108.0,"RED BLUFF MUNICIPAL AIRPORT, CA US",39.2,24,19.1,24,1022.9,24,9.8,24,10.0,24,4.7,24,8.9,,55.0, ,26.1, ,0.0,G,,0
72591024216,2018-02-22,40.15186,-122.25478,108.0,"RED BLUFF MUNICIPAL AIRPORT, CA US",42.0,24,25.1,24,1020.5,24,7.4,24,10.0,24,4.8,24,15.9,24.1,55.0, ,26.1, ,0.0,G,,0
72591024216,2018-02-23,40.15186,-122.25478,108.0,"RED BLUFF MUNICIPAL AIRPORT, CA US",42.0,24,18.4,24,1026.0,24,12.6,24,10.0,24,9.6,24,19.0,25.1,55.0, ,28.9, ,0.0,G,,0
72591024216,2018-02-24,40.15186,-122.25478,108.0,"RED BLUFF MUNICIPAL AIRPORT, CA US",39.7,24,20.1,24,1027.7,24,14.8,22,10.0,24,6.3,24,17.1,,55.0, ,26.1, ,0.0,G,,0
72591024216,2018-02-25,40.15186,-122.25478,108.0,"RED BLUFF MUNICIPAL AIRPORT, CA US",43.3,24,27.7,24,1026.4,24,,0,10.0,24,5.6,24,12.0,,60.1, ,26.1, ,0.0,G,,0
72591024216,2018-02-26,40.15186,-122.25478,108.0,"RED BLUFF MUNICIPAL AIRPORT, CA US",49.3,24,31.4,24,1016.0,24,2.7,5,10.0,24,10.8,24,22.9,32.1,60.1, ,28.9, ,0.0,G,,10000
72591024216,2018-02-27,40.15186,-122.25478,108.0,"RED BLUFF MUNICIPAL AIRPORT, CA US",47.6,24,11.2,24,1017.2,24,4.4,24,10.0,24,18.4,24,22.9,32.1,60.1, ,39.9, ,0.01,G,,0
72591024216,2018-02-28,40.15186,-122.25478,108.0,"RED BLUFF MUNICIPAL AIRPORT, CA US",45.3,24,18.3,24,1019.8,24,6.8,24,10.0,24,6.4,24,18.1,20.0,60.1, ,30.0, ,0.0,G,,0
72591024216,2018-03-01,40.15186,-122.25478,108.0,"RED BLUFF MUNICIPAL AIRPORT, CA US",48.7,24,41.7,24,1010.5,19,997.8,24,9.0,24,22.4,24,32.1,41.0,57.0,*,46.0,*,0.02,G,,10000
72591024216,2018-03-02,40.15186,-122.25478,108.0,"RED BLUFF MUNICIPAL AIRPORT, CA US",44.4,24,34.7,24,1008.9,24,996.1,24,9.9,24,11.6,24,26.0,34.0,59.0, ,33.1, ,0.25,G,,10000
72591024216,2018-03-03,40.15186,-122.25478,108.0,"RED BLUFF MUNICIPAL AIRPORT, CA US",42.9,24,38.0,24,1013.4,14,0.6,24,9.6,24,6.5,24,15.9,,52.0, ,33.1, ,0.2,G,,10000
72591024216,2018-03-04,40.15186,-122.25478,108.0,"RED BLUFF MUNICIPAL AIRPORT, CA US",41.8,24,36.0,24,1023.6,20,9.2,24,9.4,24,3.2,24,8.0,,55.0, ,33.1, ,0.06,G,,10000
72591024216,2018-03-05,40.15186,-122.25478,108.0,"RED BLUFF MUNICIPAL AIRPORT, CA US",44.3,24,30.9,24,1027.5,24,14.4,24,10.0,24,6.0,24,11.1,,62.1, ,30.9, ,0.0,G,,0
72591024216,2018-03-06,40.15186,-122.25478,108.0,"RED BLUFF MUNICIPAL AIRPORT, CA US",48.7,24,28.4,24,1021.9,24,9.0,24,10.0,24,5.1,24,8.0,,69.1, ,30.9, ,0.0,G,,0
72591024216,2018-03-07,40.15186,-122.25478,108.0,"RED BLUFF MUNICIPAL AIRPORT, CA US",53.0,24,34.4,24,1017.5,24,4.7,24,10.0,24,5.6,24,15.9,21.0,69.1, ,35.1, ,0.0,G,,0
72591024216,2018-03-08,40.15186,-122.25478,108.0,"RED BLUFF MUNICIPAL AIRPORT, CA US",56.5,24,46.3,24,1016.6,21,4.0,24,10.0,24,10.8,24,17.1,24.1,68.0, ,43.0, ,0.07,G,,10000
72591024216,2018-03-09,40.15186,-122.25478,108.0,"RED BLUFF MUNICIPAL AIRPORT, CA US",52.9,24,45.9,24,1016.8,24,4.0,24,10.0,24,4.6,24,8.9,,66.0, ,43.0, ,0.0,G,,10000
72591024216,2018-03-10,40.15186,-122.25478,108.0,"RED BLUFF MUNICIPAL AIRPORT, CA US",55.0,24,45.2,24,1014.1,24,1.4,24,10.0,24,5.7,24,9.9,,69.1, ,43.0, ,0.06,G,,0
72591024216,2018-03-11,40.15186,-122.25478,108.0,"RED BLUFF MUNICIPAL AIRPORT, CA US",53.6,24,42.1,24,1016.8,24,4.0,24,10.0,24,4.7,24,8.0,,72.0, ,37.9, ,0.0,G,,0
72591024216,2018-03-12,40.15186,-122.25478,108.0,"RED BLUFF MUNICIPAL AIRPORT, CA US",55.3,24,41.5,24,1017.9,24,5.1,24,10.0,24,4.5,21,8.9,,73.0, ,37.9, ,0.0,G,,0
72591024216,2018-03-13,40.15186,-122.25478,108.0,"RED BLUFF MUNICIPAL AIRPORT, CA US",60.3,24,54.1,24,1010.2,18,997.6,24,9.4,24,13.7,24,24.1,31.1,69.1,*,57.0,*,0.15,G,,10000
72591024216,2018-03-14,40.15186,-122.25478,108.0,"RED BLUFF MUNICIPAL AIRPORT, CA US",50.3,24,45.2,24,1012.6,19,0.1,24,9.5,24,10.0,24,19.0,26.0,61.0, ,44.1, ,0.15,G,,10000
72591024216,2018-03-15,40.15186,-122.25478,108.0,"RED BLUFF MUNICIPAL AIRPORT, CA US",45.3,24,40.9,24,1013.9,20,1.1,24,9.6,24,9.0,24,25.1,31.1,55.0, ,39.0, ,0.09,G,,10000
72591024216,2018-03-16,40.15186,-122.25478,108.0,"RED BLUFF MUNICIPAL AIRPORT, CA US",46.6,24,41.3,24,1009.7,13,996.8,24,10.0,24,6.9,24,20.0,26.0,55.0, ,39.0, ,0.71,G,,10010
72591024216,2018-03-17,40.15186,-122.25478,108.0,"RED BLUFF MUNICIPAL AIRPORT, CA US",44.0,24,36.6,24,1013.0,19,0.7,24,9.8,24,2.6,24,9.9,,57.0, ,34.0, ,0.15,G,,10010
72591024216,2018-03-18,40.15186,-122.25478,108.0,"RED BLUFF MUNICIPAL AIRPORT, CA US",45.0,24,34.5,24,1020.2,24,7.2,24,10.0,24,3.6,24,8.0,,59.0, ,33.1, ,0.0,G,,0
72591024216,2018-03-19,40.15186,-122.25478,108.0,"RED BLUFF MUNICIPAL AIRPORT, CA US",49.4,24,36.8,24,1021.3,24,8.5,24,10.0,24,4.2,24,8.0,,64.0, ,33.1, ,0.0,G,,1000
72591024216,2018-03-20,40.15186,-122.25478,108.0,"RED BLUFF MUNICIPAL AIRPORT, CA US",53.2,24,37.6,24,1016.9,24,4.1,24,10.0,24,5.1,24,12.0,,64.0, ,36.0, ,0.0,G,,10000
72591024216,2018-03-21,40.15186,-122.25478,108.0,"RED BLUFF MUNICIPAL AIRPORT, CA US",51.8,24,50.4,24,1011.0,11,998.7,24,5.3,24,2.5,24,15.0,,59.0, ,48.0, ,0.48,G,,10000
72591024216,2018-03-22,40.15186,-122.25478,108.0,"RED BLUFF MUNICIPAL AIRPORT, CA US",58.9,24,52.2,24,1005.4,19,992.4,24,9.5,24,16.3,24,24.1,32.1,63.0, ,50.0, ,0.48,G,,10000
72591024216,2018-03-23,40.15186,-122.25478,108.0,"RED BLUFF MUNICIPAL AIRPORT, CA US",48.8,24,33.4,24,1017.8,24,5.0,24,10.0,24,11.6,24,25.1,35.0,63.0, ,36.0, ,0.04,G,,0
72591024216,2018-03-24,40.15186,-122.25478,108.0,"RED BLUFF MUNICIPAL AIRPORT, CA US",49.0,24,37.9,24,1015.5,20,3.1,24,9.8,24,12.1,24,24.1,31.1,59.0, ,36.0, ,0.1,G,,10000
72591024216,2018-03-25,40.15186,-122.25478,108.0,"RED BLUFF MUNICIPAL AIRPORT, CA US",47.1,24,34.2,24,1017.6,24,4.7,24,10.0,24,6.9,24,19.0,,60.1, ,36.0, ,0.0,G,,0
72591024216,2018-03-26,40.15186,-122.25478,108.0,"RED BLUFF MUNICIPAL AIRPORT, CA US",50.1,24,31.5,24,1022.8,24,9.9,24,10.0,24,8.5,24,18.1,22.9,66.9, ,39.0, ,0.0,G,,0
72591024216,2018-03-27,40.15186,-122.25478,108.0,"RED BLUFF MUNICIPAL AIRPORT, CA US",60.1,24,33.2,24,1024.4,24,11.6,24,10.0,24,10.4,24,18.1,21.0,79.0, ,39.0, ,0.0,G,,0
72591024216,2018-03-28,40.15186,-122.25478,108.0,"RED BLUFF MUNICIPAL AIRPORT, CA US",68.5,24,38.5,24,1021.5,24,8.9,24,10.0,24,10.7,24,17.1,24.1,84.0, ,48.0, ,0.0,G,,0
72591024216,2018-03-29,40.15186,-122.25478,108.0,"RED BLUFF MUNICIPAL AIRPORT, CA US",68.6,24,39.6,24,1019.1,24,6.5,24,10.0,24,8.1,24,13.0,,84.0, ,54.0, ,0.0,G,,0
72591024216,2018-03-30,40.15186,-122.25478,108.0,"RED BLUFF MUNICIPAL AIRPORT, CA US",64.9,24,40.0,24,1017.8,24,5.1,24,10.0,24,6.5,24,9.9,,84.0, ,46.0, ,0.0,G,,0
72591024216,2018-03-31,40.15186,-122.25478,108.0,"RED BLUFF MUNICIPAL AIRPORT, CA US",63.2,24,46.5,24,1016.3,24,3.7,24,10.0,24,4.3,24,7.0,,80.1, ,46.0, ,0.0,G,,0
72591024216,2018-04-01,40.15186,-122.25478,108.0,"RED BLUFF MUNICIPAL AIRPORT, CA US",64.5,24,42.7,24,1013.4,24,0.8,24,10.0,24,5.0,24,9.9,,79.0, ,46.9, ,0.0,G,,0
72591024216,2018-04-02,40.15186,-122.25478,108.0,"RED BLUFF MUNICIPAL AIRPORT, CA US",67.0,24,38.1,24,1010.6,24,998.0,24,10.0,24,7.6,24,17.1,21.0,79.0, ,48.0, ,0.0,G,,0
72591024216,2018-04-03,40.15186,-122.25478,108.0,"RED BLUFF MUNICIPAL AIRPORT, CA US",60.7,24,24.4,24,1013.2,24,0.5,24,10.0,24,7.2,24,17.1,,77.0, ,42.1, ,0.0,G,,0
72591024216,2018-04-04,40.15186,-122.25478,108.0,"RED BLUFF MUNICIPAL AIRPORT, CA US",64.1,24,42.8,24,1015.5,24,2.8,24,10.0,24,3.6,24,8.0,,77.0, ,42.1, ,0.0,G,,0
72591024216,2018-04-05,40.15186,-122.25478,108.0,"RED BLUFF MUNICIPAL AIRPORT, CA US",62.2,24,45.2,24,1016.3,24,3.6,24,10.0,24,4.7,24,8.0,,77.0, ,53.1, ,0.0,G,,10000
72591024216,2018-04-06,40.15186,-122.25478,108.0,"RED BLUFF MUNICIPAL AIRPORT, CA US",54.5,24,51.4,24,1016.4,12,2.6,24,6.0,24,5.0,24,11.1,18.1,66.0, ,52.0, ,0.4,G,,10000
72591024216,2018-04-07,40.15186,-122.25478,108.0,"RED BLUFF MUNICIPAL AIRPORT, CA US",62.1,24,53.1,24,1009.4,18,996.7,24,7.0,24,15.5,24,22.9,28.0,70.0, ,52.0, ,2.53,G,,10000
72591024216,2018-04-08,40.15186,-122.25478,108.0,"RED BLUFF MUNICIPAL AIRPORT, CA US",55.0,24,41.8,24,1019.2,24,6.5,24,10.0,24,3.3,24,14.0,,70.0, ,41.0, ,0.58,G,,0
72591024216,2018-04-09,40.15186,-122.25478,108.0,"RED BLUFF MUNICIPAL AIRPORT, CA US",60.3,24,43.3,24,1019.3,24,6.6,24,10.0,24,6.2,24,14.0,,77.0, ,41.0, ,0.0,G,,0
72591024216,2018-04-10,40.15186,-122.25478,108.0,"RED BLUFF MUNICIPAL AIRPORT, CA US",64.8,24,52.7,24,1015.0,24,2.4,24,10.0,24,6.1,24,14.0,20.0,77.0, ,46.9, ,0.0,G,,10000
72591024216,2018-04-11,40.15186,-122.25478,108.0,"RED BLUFF MUNICIPAL AIRPORT, CA US",56.8,24,47.6,24,1014.1,18,2.0,24,9.6,24,9.3,24,25.1,34.0,70.0, ,51.1, ,0.01,G,,10000
72591024216,2018-04-12,40.15186,-122.25478,108.0,"RED BLUFF MUNICIPAL AIRPORT, CA US",49.2,24,39.1,24,1018.6,24,5.1,24,9.6,24,6.2,24,25.1,28.0,62.1, ,39.0, ,0.22,G,,10010
72591024216,2018-04-13,40.15186,-122.25478,108.0,"RED BLUFF MUNICIPAL AIRPORT, CA US",52.8,24,35.3,24,1028.5,24,15.6,24,10.0,24,6.5,24,11.1,15.9,72.0, ,39.0, ,0.0,G,,0
72591024216,2018-04-14,40.15186,-122.25478,108.0,"RED BLUFF MUNICIPAL AIRPORT, CA US",58.7,24,45.1,24,1025.5,24,12.8,24,10.0,24,4.3,24,8.9,,75.0, ,39.9, ,0.0,G,,0
72591024216,2018-04-15,40.15186,-122.25478,108.0,"RED BLUFF MUNICIPAL AIRPORT, CA US",61.2,24,46.1,24,1013.3,24,0.6,24,10.0,24,9.5,24,24.1,33.0,75.0, ,45.0, ,0.0,G,,0
72591024216,2018-04-16,40.15186,-122.25478,108.0,"RED BLUFF MUNICIPAL AIRPORT, CA US",51.0,24,40.1,24,1011.8,24,999.1,24,9.9,24,5.7,24,15.0,,64.0, ,42.1, ,0.0,G,,10000
72591024216,2018-04-17,40.15186,-122.25478,108.0,"RED BLUFF MUNICIPAL AIRPORT, CA US",47.5,24,37.6,24,1023.0,24,10.2,24,10.0,24,5.4,24,14.0,,63.0, ,34.0, ,0.02,G,,10000
72591024216,2018-04-18,40.15186,-122.25478,108.0,"RED BLUFF MUNICIPAL AIRPORT, CA US",52.5,24,36.5,24,1020.0,24,7.2,24,10.0,24,3.4,24,8.0,,64.9, ,34.0, ,0.0,G,,0
72591024216,2018-04-19,40.15186,-122.25478,108.0,"RED BLUFF MUNICIPAL AIRPORT, CA US",55.2,24,35.2,24,1016.8,24,4.0,24,10.0,24,7.4,24,15.9,19.0,73.0, ,41.0, ,0.0,G,,0
72591024216,2018-04-20,40.15186,-122.25478,108.0,"RED BLUFF MUNICIPAL AIRPORT, CA US",62.1,24,38.9,24,1019.7,24,7.0,24,10.0,24,6.4,24,12.0,21.0,82.0, ,41.0, ,0.0,G,,0
72591024216,2018-04-21,40.15186,-122.25478,108.0,"RED BLUFF MUNICIPAL AIRPORT, CA US",65.8,24,44.9,24,1019.0,24,6.3,24,10.0,24,4.3,24,12.0,,86.0, ,46.0, ,0.0,G,,0
72591024216,2018-04-22,40.15186,-122.25478,108.0,"RED BLUFF MUNICIPAL AIRPORT, CA US",67.4,24,44.4,24,1015.4,24,2.8,24,10.0,24,5.2,24,13.0,,87.1, ,46.0, ,0.0,G,,0
72591024216,2018-04-23,40.15186,-122.25478,108.0,"RED BLUFF MUNICIPAL AIRPORT, CA US",69.5,24,40.1,24,1014.2,24,1.7,24,10.0,24,7.8,24,18.1,22.9,87.1, ,48.0, ,0.0,G,,0
72591024216,2018-04-24,40.15186,-122.25478,108.0,"RED BLUFF MUNICIPAL AIRPORT, CA US",69.0,24,42.0,24,1013.8,24,1.2,24,10.0,24,5.0,24,8.9,,87.1, ,51.1, ,0.0,G,,0
72591024216,2018-04-25,40.15186,-122.25478,108.0,"RED BLUFF MUNICIPAL AIRPORT, CA US",68.5,24,48.6,24,1014.8,24,2.2,24,9.8,24,3.5,24,6.0,,87.1, ,50.0, ,0.0,G,,0
72591024216,2018-04-26,40.15186,-122.25478,108.0,"RED BLUFF MUNICIPAL AIRPORT, CA US",67.6,24,49.2,24,1013.6,24,1.1,24,10.0,24,3.8,24,11.1,,87.1, ,50.0, ,0.0,G,,0
72591024216,2018-04-27,40.15186,-122.25478,108.0,"RED BLUFF MUNICIPAL AIRPORT, CA US",62.4,24,46.3,24,1013.5,23,1.2,24,10.0,24,8.4,24,14.0,19.0,82.0, ,48.9, ,0.0,G,,0
72591024216,2018-04-28,40.15186,-122.25478,108.0,"RED BLUFF MUNICIPAL AIRPORT, CA US",57.1,24,45.5,24,1016.0,24,3.3,24,10.0,24,7.4,24,15.0,25.1,70.0, ,48.9, ,0.0,G,,10000
72591024216,2018-04-29,40.15186,-122.25478,108.0,"RED BLUFF MUNICIPAL AIRPORT, CA US",56.9,24,45.3,24,1016.0,24,3.3,24,10.0,24,5.5,22,17.1,22.0,69.1, ,48.0, ,0.0,G,,0
72591024216,2018-04-30,40.15186,-122.25478,108.0,"RED BLUFF MUNICIPAL AIRPORT, CA US",60.3,24,41.2,24,1015.6,24,2.9,24,10.0,24,5.3,24,13.0,,75.0, ,46.9, ,0.0,G,,0
72591024216,2018-05-01,40.15186,-122.25478,108.0,"RED BLUFF MUNICIPAL AIRPORT, CA US",64.8,24,38.9,24,1010.7,24,998.3,24,10.0,24,9.0,24,15.0,15.9,79.0, ,46.9, ,0.0,G,,0
72591024216,2018-05-02,40.15186,-122.25478,108.0,"RED BLUFF MUNICIPAL AIRPORT, CA US",67.1,24,37.2,24,1011.0,24,998.5,24,10.0,24,6.9,24,11.1,,84.0, ,48.0, ,0.0,G,,0
72591024216,2018-05-03,40.15186,-122.25478,108.0,"RED BLUFF MUNICIPAL AIRPORT, CA US",66.2,24,44.3,24,1018.1,24,5.5,24,10.0,24,2.6,24,8.9,,84.0, ,48.0, ,0.0,G,,0
72591024216,2018-05-04,40.15186,-122.25478,108.0,"RED BLUFF MUNICIPAL AIRPORT, CA US",68.1,24,51.9,24,1021.4,24,8.7,24,10.0,24,3.4,24,8.9,,84.0, ,50.0, ,0.0,G,,0
72591024216,2018-05-05,40.15186,-122.25478,108.0,"RED BLUFF MUNICIPAL AIRPORT, CA US",70.2,24,51.6,24,1017.0,24,4.4,24,10.0,24,3.7,24,6.0,,84.9, ,53.1, ,0.0,G,,0
72591024216,2018-05-06,40.15186,-122.25478,108.0,"RED BLUFF MUNICIPAL AIRPORT, CA US",67.7,24,47.8,24,1014.1,24,1.5,24,10.0,24,5.0,24,8.9,,82.9, ,53.1, ,0.0,G,,0
72591024216,2018-05-07,40.15186,-122.25478,108.0,"RED BLUFF MUNICIPAL AIRPORT, CA US",69.6,24,47.2,24,1017.5,24,4.9,24,10.0,24,4.5,24,8.9,,89.1, ,53.1, ,0.0,G,,0
72591024216,2018-05-08,40.15186,-122.25478,108.0,"RED BLUFF MUNICIPAL AIRPORT, CA US",72.3,24,49.9,24,1015.5,24,3.0,24,10.0,24,4.7,24,13.0,,90.0, ,53.1, ,0.0,G,,0
72591024216,2018-05-09,40.15186,-122.25478,108.0,"RED BLUFF MUNICIPAL AIRPORT, CA US",74.1,24,52.1,24,1014.3,24,1.9,24,10.0,24,4.7,24,13.0,,90.0, ,54.0, ,0.0,G,,0
72591024216,2018-05-10,40.15186,-122.25478,108.0,"RED BLUFF MUNICIPAL AIRPORT, CA US",70.5,24,45.1,24,1012.8,24,0.2,24,10.0,24,5.1,24,8.9,14.0,88.0, ,51.1, ,0.0,G,,0
72591024216,2018-05-11,40.15186,-122.25478,108.0,"RED BLUFF MUNICIPAL AIRPORT, CA US",71.6,24,35.6,24,1011.2,24,998.8,24,10.0,24,14.8,24,26.0,35.9,88.0, ,51.1, ,0.0,G,,10000
72591024216,2018-05-12,40.15186,-122.25478,108.0,"RED BLUFF MUNICIPAL AIRPORT, CA US",72.5,24,38.2,24,1010.7,24,998.3,24,10.0,24,11.0,24,17.1,29.9,86.0, ,61.0, ,0.0,G,,10000
72591024216,2018-05-13,40.15186,-122.25478,108.0,"RED BLUFF MUNICIPAL AIRPORT, CA US",70.0,24,46.5,24,1011.3,24,998.8,24,10.0,24,4.9,24,12.0,15.9,86.0, ,54.0, ,0.0,G,,0
72591024216,2018-05-14,40.15186,-122.25478,108.0,"RED BLUFF MUNICIPAL AIRPORT, CA US",69.6,24,51.1,24,1012.3,24,999.7,24,10.0,24,4.3,24,12.0,22.0,87.1, ,54.0, ,0.0,G,,0
72591024216,2018-05-15,40.15186,-122.25478,108.0,"RED BLUFF MUNICIPAL AIRPORT, CA US",68.9,24,51.0,24,1012.5,24,0.0,24,10.0,24,8.1,24,13.0,22.0,87.1, ,55.0, ,0.0,G,,0
72591024216,2018-05-16,40.15186,-122.25478,108.0,"RED BLUFF MUNICIPAL AIRPORT, CA US",66.6,24,50.4,24,1014.9,24,2.3,24,10.0,24,8.8,24,15.0,22.0,79.0, ,55.0, ,0.01,G,,0
72591024216,2018-05-17,40.15186,-122.25478,108.0,"RED BLUFF MUNICIPAL AIRPORT, CA US",68.3,24,51.1,24,1015.5,24,2.9,24,10.0,24,4.4,23,14.0,,84.9, ,55.9, ,0.0,G,,0
72591024216,2018-05-18,40.15186,-122.25478,108.0,"RED BLUFF MUNICIPAL AIRPORT, CA US",73.7,24,51.7,24,1012.1,24,999.5,24,10.0,24,4.1,24,9.9,17.1,91.9, ,57.0, ,0.0,G,,0
72591024216,2018-05-19,40.15186,-122.25478,108.0,"RED BLUFF MUNICIPAL AIRPORT, CA US",74.7,24,53.1,24,1010.3,24,997.9,24,10.0,24,5.5,24,9.9,18.1,91.9, ,57.0, ,0.0,G,,0
72591024216,2018-05-20,40.15186,-122.25478,108.0,"RED BLUFF MUNICIPAL AIRPORT, CA US",69.4,24,51.7,24,1010.8,24,998.3,24,10.0,24,7.9,24,11.1,15.9,84.9, ,55.0, ,0.0,G,,0
72591024216,2018-05-21,40.15186,-122.25478,108.0,"RED BLUFF MUNICIPAL AIRPORT, CA US",70.7,24,49.8,24,1009.0,24,996.5,24,10.0,24,5.3,24,12.0,18.1,93.0, ,53.1, ,0.0,G,,0
72591024216,2018-05-22,40.15186,-122.25478,108.0,"RED BLUFF MUNICIPAL AIRPORT, CA US",74.6,24,54.2,24,1007.9,24,995.5,24,10.0,24,6.3,24,13.0,19.0,93.0, ,53.1, ,0.0,G,,0
72591024216,2018-05-23,40.15186,-122.25478,108.0,"RED BLUFF MUNICIPAL AIRPORT, CA US",71.1,24,55.3,24,1009.6,24,997.1,24,10.0,24,7.5,24,15.0,,86.0, ,59.0, ,0.0,G,,0
72591024216,2018-05-24,40.15186,-122.25478,108.0,"RED BLUFF MUNICIPAL AIRPORT, CA US",69.0,24,50.7,24,1013.4,24,0.8,24,10.0,24,5.7,24,14.0,,84.9, ,53.1, ,0.0,G,,0
72591024216,2018-05-25,40.15186,-122.25478,108.0,"RED BLUFF MUNICIPAL AIRPORT, CA US",63.3,24,50.6,24,1014.5,17,3.0,24,7.9,24,9.9,24,14.0,17.1,84.9, ,53.1, ,0.0,G,,10010
72591024216,2018-05-26,40.15186,-122.25478,108.0,"RED BLUFF MUNICIPAL AIRPORT, CA US",60.9,24,53.5,24,1017.4,18,5.0,24,9.1,24,3.5,24,7.0,,75.9, ,54.0, ,1.21,G,,10000
72591024216,2018-05-27,40.15186,-122.25478,108.0,"RED BLUFF MUNICIPAL AIRPORT, CA US",71.0,24,50.0,24,1014.7,24,2.1,24,10.0,24,8.7,24,17.1,24.1,91.9, ,55.9, ,0.0,G,,0
72591024216,2018-05-28,40.15186,-122.25478,108.0,"RED BLUFF MUNICIPAL AIRPORT, CA US",81.8,24,50.2,24,1012.5,24,0.1,24,10.0,24,11.4,24,19.0,27.0,98.1, ,57.9, ,0.0,G,,0
72591024216,2018-05-29,40.15186,-122.25478,108.0,"RED BLUFF MUNICIPAL AIRPORT, CA US",82.9,24,50.0,24,1008.2,24,995.9,24,10.0,24,7.6,24,12.0,20.0,99.0, ,63.0, ,0.0,G,,0
72591024216,2018-05-30,40.15186,-122.25478,108.0,"RED BLUFF MUNICIPAL AIRPORT, CA US",77.5,24,47.7,24,1003.5,24,991.1,24,10.0,24,9.7,23,18.1,22.0,97.0, ,63.0, ,0.0,G,,0
72591024216,2018-05-31,40.15186,-122.25478,108.0,"RED BLUFF MUNICIPAL AIRPORT, CA US",64.8,24,45.5,24,1008.8,24,996.3,24,10.0,24,10.4,24,19.0,25.1,82.0, ,54.0, ,0.0,G,,0
72591024216,2018-06-01,40.15186,-122.25478,108.0,"RED BLUFF MUNICIPAL AIRPORT, CA US",67.9,24,44.7,24,1016.2,24,3.5,24,10.0,24,6.6,24,12.0,17.1,89.1, ,53.1, ,0.0,G,,0
72591024216,2018-06-02,40.15186,-122.25478,108.0,"RED BLUFF MUNICIPAL AIRPORT, CA US",80.1,24,42.8,24,1014.9,24,2.5,24,10.0,24,6.5,24,9.9,,102.9, ,53.1, ,0.0,G,,0
72591024216,2018-06-03,40.15186,-122.25478,108.0,"RED BLUFF MUNICIPAL AIRPORT, CA US",83.7,24,51.4,24,1010.6,24,998.3,24,10.0,24,5.9,24,12.0,19.0,102.9, ,61.0, ,0.0,G,,0
72591024216,2018-06-04,40.15186,-122.25478,108.0,"RED BLUFF MUNICIPAL AIRPORT, CA US",82.7,24,44.4,24,1009.1,24,996.8,24,10.0,24,7.3,24,14.0,,99.0, ,64.9, ,0.0,G,,0
72591024216,2018-06-05,40.15186,-122.25478,108.0,"RED BLUFF MUNICIPAL AIRPORT, CA US",76.9,24,39.0,24,1009.0,24,996.6,24,10.0,24,6.6,24,11.1,17.1,93.0, ,55.9, ,0.0,G,,0
72591024216,2018-06-06,40.15186,-122.25478,108.0,"RED BLUFF MUNICIPAL AIRPORT, CA US",73.0,24,47.4,24,1008.8,24,996.4,24,10.0,24,4.0,24,11.1,,90.0, ,55.9, ,0.0,G,,0
72591024216,2018-06-07,40.15186,-122.25478,108.0,"RED BLUFF MUNICIPAL AIRPORT, CA US",72.6,24,51.7,24,1011.3,24,998.8,24,10.0,24,7.8,24,13.0,18.1,88.0, ,57.0, ,0.0,G,,0
72591024216,2018-06-08,40.15186,-122.25478,108.0,"RED BLUFF MUNICIPAL AIRPORT, CA US",75.7,24,44.5,24,1014.1,24,1.6,24,10.0,24,5.0,24,11.1,15.0,91.0, ,57.0, ,0.0,G,,0
72591024216,2018-06-09,40.15186,-122.25478,108.0,"RED BLUFF MUNICIPAL AIRPORT, CA US",74.1,24,45.0,24,1012.9,24,0.4,24,10.0,24,6.3,24,20.0,32.1,91.0, ,57.0, ,0.0,G,,10000
72591024216,2018-06-10,40.15186,-122.25478,108.0,"RED BLUFF MUNICIPAL AIRPORT, CA US",64.8,24,31.3,24,1017.8,24,5.2,24,10.0,24,9.9,24,19.0,28.0,81.0, ,51.1, ,0.0,G,,10000
72591024216,2018-06-11,40.15186,-122.25478,108.0,"RED BLUFF MUNICIPAL AIRPORT, CA US",73.8,24,39.4,24,1013.7,24,1.2,24,10.0,24,7.1,24,12.0,,93.9, ,51.1, ,0.0,G,,0
72591024216,2018-06-12,40.15186,-122.25478,108.0,"RED BLUFF MUNICIPAL AIRPORT, CA US",83.2,24,43.4,24,1009.0,24,996.6,24,10.0,24,6.7,24,14.0,19.0,102.0, ,60.1, ,0.0,G,,0
72591024216,2018-06-13,40.15186,-122.25478,108.0,"RED BLUFF MUNICIPAL AIRPORT, CA US",84.8,24,46.6,24,1006.9,24,994.6,24,10.0,24,5.7,24,12.0,,102.0, ,64.0, ,0.0,G,,0
72591024216,2018-06-14,40.15186,-122.25478,108.0,"RED BLUFF MUNICIPAL AIRPORT, CA US",84.6,24,46.5,24,1005.5,24,993.2,24,10.0,24,7.0,24,14.0,15.9,100.9, ,63.0, ,0.0,G,,0
72591024216,2018-06-15,40.15186,-122.25478,108.0,"RED BLUFF MUNICIPAL AIRPORT, CA US",78.4,24,48.2,24,1004.2,24,991.8,24,10.0,24,5.3,24,14.0,19.0,97.0, ,61.0, ,0.0,G,,0
72591024216,2018-06-16,40.15186,-122.25478,108.0,"RED BLUFF MUNICIPAL AIRPORT, CA US",76.3,24,52.4,24,1003.0,24,990.6,24,10.0,24,6.1,24,15.9,22.0,89.1, ,59.0, ,0.0,G,,0
72591024216,2018-06-17,40.15186,-122.25478,108.0,"RED BLUFF MUNICIPAL AIRPORT, CA US",67.6,24,52.6,24,1007.8,24,995.0,24,10.0,24,8.0,23,22.0,28.9,88.0, ,55.9, ,0.1,G,,10000
72591024216,2018-06-18,40.15186,-122.25478,108.0,"RED BLUFF MUNICIPAL AIRPORT, CA US",72.3,24,52.6,24,1013.8,24,1.3,24,10.0,24,3.4,24,8.9,,91.9, ,55.9, ,0.0,G,,0
72591024216,2018-06-19,40.15186,-122.25478,108.0,"RED BLUFF MUNICIPAL AIRPORT, CA US",80.9,24,50.6,24,1013.5,24,1.1,24,10.0,24,4.6,24,8.0,,99.0, ,57.9, ,0.0,G,,0
72591024216,2018-06-20,40.15186,-122.25478,108.0,"RED BLUFF MUNICIPAL AIRPORT, CA US",81.5,24,53.6,24,1012.1,24,999.8,24,10.0,24,4.5,24,15.0,22.0,99.0, ,64.0, ,0.0,G,,0
72591024216,2018-06-21,40.15186,-122.25478,108.0,"RED BLUFF MUNICIPAL AIRPORT, CA US",81.1,24,51.3,24,1012.8,24,0.4,24,10.0,24,4.9,24,15.0,,99.0, ,62.1, ,0.0,G,,0
72591024216,2018-06-22,40.15186,-122.25478,108.0,"RED BLUFF MUNICIPAL AIRPORT, CA US",84.5,24,44.9,24,1011.9,24,999.5,24,10.0,24,6.8,24,15.9,17.1,105.1, ,62.1, ,0.0,G,,10000
72591024216,2018-06-23,40.15186,-122.25478,108.0,"RED BLUFF MUNICIPAL AIRPORT, CA US",90.1,24,41.5,24,1008.6,24,996.3,24,10.0,24,13.4,24,22.9,32.1,105.1, ,66.0, ,0.0,G,,0
72591024216,2018-06-24,40.15186,-122.25478,108.0,"RED BLUFF MUNICIPAL AIRPORT, CA US",94.2,21,42.0,21,1006.7,20,994.4,21,9.3,21,10.9,21,20.0,27.0,107.1, ,77.0, ,0.0,G,,0
72591024216,2018-06-25,40.15186,-122.25478,108.0,"RED BLUFF MUNICIPAL AIRPORT, CA US",81.2,24,55.1,24,1009.6,24,997.2,24,10.0,24,8.7,24,17.1,18.1,107.1, ,63.0, ,0.0,G,,0
72591024216,2018-06-26,40.15186,-122.25478,108.0,"RED BLUFF MUNICIPAL AIRPORT, CA US",80.5,24,52.9,24,1010.9,24,998.5,24,10.0,24,6.0,24,12.0,20.0,96.1, ,63.0, ,0.0,G,,0
72591024216,2018-06-27,40.15186,-122.25478,108.0,"RED BLUFF MUNICIPAL AIRPORT, CA US",80.0,24,51.8,24,1010.3,24,997.9,24,10.0,24,4.9,24,14.0,19.0,96.1, ,61.0, ,0.0,G,,0
72591024216,2018-06-28,40.15186,-122.25478,108.0,"RED BLUFF MUNICIPAL AIRPORT, CA US",78.6,24,51.7,24,1010.0,24,997.5,24,10.0,24,6.0,24,15.0,,93.9, ,61.0, ,0.0,G,,0
72591024216,2018-06-29,40.15186,-122.25478,108.0,"RED BLUFF MUNICIPAL AIRPORT, CA US",83.0,24,47.0,24,1010.8,24,998.5,24,10.0,24,10.3,24,19.0,26.0,99.0, ,62.1, ,0.0,G,,0
72591024216,2018-06-30,40.15186,-122.25478,108.0,"RED BLUFF MUNICIPAL AIRPORT, CA US",89.1,24,42.3,24,1011.3,24,998.9,24,10.0,24,13.4,24,21.0,28.9,106.0, ,70.0, ,0.0,G,,0
72591024216,2018-07-01,40.15186,-122.25478,108.0,"RED BLUFF MUNICIPAL AIRPORT, CA US",93.1,24,42.0,24,1010.7,24,998.4,24,10.0,24,10.9,24,21.0,29.9,109.0, ,77.0, ,0.0,G,,0
72591024216,2018-07-02,40.15186,-122.25478,108.0,"RED BLUFF MUNICIPAL AIRPORT, CA US",88.2,24,51.8,24,1010.3,24,998.0,24,10.0,24,5.0,24,15.0,20.0,109.0, ,66.9, ,0.0,G,,0
72591024216,2018-07-03,40.15186,-122.25478,108.0,"RED BLUFF MUNICIPAL AIRPORT, CA US",85.9,24,45.1,24,1007.6,24,995.3,24,10.0,24,8.9,24,19.0,31.1,106.0, ,70.0, ,0.0,G,,0
72591024216,2018-07-04,40.15186,-122.25478,108.0,"RED BLUFF MUNICIPAL AIRPORT, CA US",77.7,24,53.8,24,1009.9,24,997.5,24,9.9,24,8.7,24,15.9,22.9,96.1, ,64.0, ,0.0,G,,0
72591024216,2018-07-05,40.15186,-122.25478,108.0,"RED BLUFF MUNICIPAL AIRPORT, CA US",74.5,24,47.6,24,1016.1,24,3.6,24,10.0,24,6.8,24,17.1,24.1,91.0, ,57.0, ,0.0,G,,0
72591024216,2018-07-06,40.15186,-122.25478,108.0,"RED BLUFF MUNICIPAL AIRPORT, CA US",78.2,24,49.3,24,1018.8,24,6.2,24,10.0,24,5.6,24,14.0,,91.9, ,57.0, ,0.0,G,,0
72591024216,2018-07-07,40.15186,-122.25478,108.0,"RED BLUFF MUNICIPAL AIRPORT, CA US",80.2,24,43.4,24,1015.4,24,2.9,24,9.8,24,6.3,24,13.0,14.0,98.1, ,62.1, ,0.0,G,,0
72591024216,2018-07-08,40.15186,-122.25478,108.0,"RED BLUFF MUNICIPAL AIRPORT, CA US",80.8,24,44.0,24,1012.3,24,,24,10.0,24,4.3,24,11.1,22.0,98.1, ,62.1, ,0.0,G,,0
72591024216,2018-07-09,40.15186,-122.25478,108.0,"RED BLUFF MUNICIPAL AIRPORT, CA US",82.0,24,49.5,24,1014.0,24,1.6,24,10.0,24,4.2,24,11.1,,100.0, ,61.0, ,0.0,G,,0
72591024216,2018-07-10,40.15186,-122.25478,108.0,"RED BLUFF MUNICIPAL AIRPORT, CA US",86.9,24,43.9,24,1013.8,24,1.5,24,10.0,24,8.3,24,13.0,17.1,102.0, ,61.0, ,0.0,G,,0
72591024216,2018-07-11,40.15186,-122.25478,108.0,"RED BLUFF MUNICIPAL AIRPORT, CA US",84.7,24,47.8,24,1010.3,24,998.0,24,10.0,24,4.4,24,9.9,18.1,102.9, ,64.9, ,0.0,G,,0
72591024216,2018-07-12,40.15186,-122.25478,108.0,"RED BLUFF MUNICIPAL AIRPORT, CA US",86.1,24,50.1,24,1009.5,24,997.1,24,10.0,24,5.3,24,12.0,,106.0, ,64.9, ,0.0,G,,0
72591024216,2018-07-13,40.15186,-122.25478,108.0,"RED BLUFF MUNICIPAL AIRPORT, CA US",85.3,24,53.8,24,1013.2,24,0.8,24,10.0,24,5.7,24,15.9,,106.0, ,64.9, ,0.0,G,,10000
72591024216,2018-07-14,40.15186,-122.25478,108.0,"RED BLUFF MUNICIPAL AIRPORT, CA US",84.9,24,56.1,24,1013.7,24,1.3,24,10.0,24,4.2,24,8.9,,105.1, ,70.0, ,0.0,G,,10000
72591024216,2018-07-15,40.15186,-122.25478,108.0,"RED BLUFF MUNICIPAL AIRPORT, CA US",89.1,24,59.2,24,1011.2,24,998.8,24,10.0,24,5.7,24,13.0,15.9,105.1, ,70.0, ,0.0,G,,0
72591024216,2018-07-16,40.15186,-122.25478,108.0,"RED BLUFF MUNICIPAL AIRPORT, CA US",89.0,24,61.6,24,1011.3,24,999.0,24,10.0,24,4.0,24,13.0,,106.0, ,72.0, ,0.0,G,,0
72591024216,2018-07-17,40.15186,-122.25478,108.0,"RED BLUFF MUNICIPAL AIRPORT, CA US",88.8,24,57.9,24,1011.8,24,999.5,24,10.0,24,4.4,24,12.0,,106.0, ,71.1, ,0.0,G,,0
72591024216,2018-07-18,40.15186,-122.25478,108.0,"RED BLUFF MUNICIPAL AIRPORT, CA US",89.6,24,56.6,24,1011.7,24,999.4,24,10.0,24,4.0,24,12.0,,108.0, ,71.1, ,0.0,G,,0
72591024216,2018-07-19,40.15186,-122.25478,108.0,"RED BLUFF MUNICIPAL AIRPORT, CA US",89.9,24,58.9,24,1010.2,24,997.9,24,10.0,24,5.3,24,12.0,,108.0, ,71.1, ,0.0,G,,0
72591024216,2018-07-20,40.15186,-122.25478,108.0,"RED BLUFF MUNICIPAL AIRPORT, CA US",88.8,24,55.2,24,1009.3,24,997.0,24,10.0,24,6.5,24,14.0,17.1,106.0, ,72.0, ,0.0,G,,0
72591024216,2018-07-21,40.15186,-122.25478,108.0,"RED BLUFF MUNICIPAL AIRPORT, CA US",84.5,24,55.2,24,1011.2,24,998.8,24,10.0,24,4.8,24,13.0,,100.9, ,66.9, ,0.0,G,,0
72591024216,2018-07-22,40.15186,-122.25478,108.0,"RED BLUFF MUNICIPAL AIRPORT, CA US",87.3,24,58.7,24,1013.8,24,1.5,24,10.0,24,5.8,24,11.1,15.0,100.9, ,66.9, ,0.0,G,,0
72591024216,2018-07-23,40.15186,-122.25478,108.0,"RED BLUFF MUNICIPAL AIRPORT, CA US",89.6,24,61.6,24,1014.6,24,2.2,24,10.0,24,5.3,24,9.9,15.0,105.1, ,73.9, ,0.0,G,,0
72591024216,2018-07-24,40.15186,-122.25478,108.0,"RED BLUFF MUNICIPAL AIRPORT, CA US",91.1,24,61.5,24,1013.5,24,1.1,24,10.0,24,5.7,24,13.0,15.9,105.1, ,77.0, ,0.0,G,,0
72591024216,2018-07-25,40.15186,-122.25478,108.0,"RED BLUFF MUNICIPAL AIRPORT, CA US",92.4,24,58.0,24,1014.2,24,1.9,24,10.0,24,4.0,23,13.0,15.0,109.9, ,72.0, ,0.0,G,,0
72591024216,2018-07-26,40.15186,-122.25478,108.0,"RED BLUFF MUNICIPAL AIRPORT, CA US",93.1,24,52.5,24,1012.2,24,,24,8.2,24,5.3,24,11.1,,111.9, ,72.0, ,0.0,G,,0
72591024216,2018-07-27,40.15186,-122.25478,108.0,"RED BLUFF MUNICIPAL AIRPORT, CA US",86.9,24,63.9,24,1010.3,24,997.9,24,8.8,24,5.4,24,12.0,,111.9, ,72.0, ,0.0,G,,0
72591024216,2018-07-28,40.15186,-122.25478,108.0,"RED BLUFF MUNICIPAL AIRPORT, CA US",86.0,24,56.6,24,1010.0,21,998.0,24,6.7,24,4.8,24,11.1,,102.0, ,71.1, ,0.0,G,,0
72591024216,2018-07-29,40.15186,-122.25478,108.0,"RED BLUFF MUNICIPAL AIRPORT, CA US",85.2,24,59.8,24,1011.3,23,999.1,24,4.4,24,5.5,24,9.9,,102.0, ,69.1, ,0.0,G,,0
72591024216,2018-07-30,40.15186,-122.25478,108.0,"RED BLUFF MUNICIPAL AIRPORT, CA US",85.1,24,63.0,24,1011.9,23,999.6,24,6.8,24,4.8,24,12.0,,100.9, ,69.1, ,0.0,G,,0
72591024216,2018-07-31,40.15186,-122.25478,108.0,"RED BLUFF MUNICIPAL AIRPORT, CA US",84.1,24,62.6,24,1010.8,20,998.9,24,5.2,24,4.5,24,9.9,,100.9, ,71.1, ,0.0,G,,0
72591024216,2018-08-01,40.15186,-122.25478,108.0,"RED BLUFF MUNICIPAL AIRPORT, CA US",84.6,24,61.5,24,1010.7,23,998.4,24,5.3,24,4.6,24,8.9,,100.9, ,71.1, ,0.0,G,,0
72591024216,2018-08-02,40.15186,-122.25478,108.0,"RED BLUFF MUNICIPAL AIRPORT, CA US",82.3,24,58.4,24,1010.6,24,998.4,24,7.5,24,4.2,24,13.0,,99.0, ,66.9, ,0.0,G,,0
72591024216,2018-08-03,40.15186,-122.25478,108.0,"RED BLUFF MUNICIPAL AIRPORT, CA US",81.1,24,51.6,24,1010.6,21,998.6,24,7.7,24,4.1,24,12.0,,99.0, ,64.0, ,0.0,G,,0
72591024216,2018-08-04,40.15186,-122.25478,108.0,"RED BLUFF MUNICIPAL AIRPORT, CA US",81.7,24,46.6,24,1010.5,22,998.3,24,6.1,24,5.9,24,14.0,,99.0, ,64.0, ,0.0,G,,0
72591024216,2018-08-05,40.15186,-122.25478,108.0,"RED BLUFF MUNICIPAL AIRPORT, CA US",79.7,24,44.5,24,1010.9,23,998.4,24,7.2,24,4.5,24,15.9,,98.1, ,61.0, ,0.0,G,,0
72591024216,2018-08-06,40.15186,-122.25478,108.0,"RED BLUFF MUNICIPAL AIRPORT, CA US",79.2,24,48.0,24,1012.7,19,0.7,24,5.5,24,5.9,24,11.1,,102.9, ,61.0, ,0.0,G,,0
72591024216,2018-08-07,40.15186,-122.25478,108.0,"RED BLUFF MUNICIPAL AIRPORT, CA US",80.1,24,54.5,24,1010.7,21,998.4,24,3.3,24,5.0,24,11.1,,102.9, ,63.0, ,0.0,G,,0
72591024216,2018-08-08,40.15186,-122.25478,108.0,"RED BLUFF MUNICIPAL AIRPORT, CA US",80.4,24,55.9,24,1010.3,21,997.9,24,4.0,24,5.4,24,11.1,15.0,99.0, ,64.9, ,0.0,G,,0
72591024216,2018-08-09,40.15186,-122.25478,108.0,"RED BLUFF MUNICIPAL AIRPORT, CA US",81.5,24,54.9,24,1011.5,24,999.3,24,4.6,24,4.4,24,9.9,,100.0, ,64.9, ,0.0,G,,0
72591024216,2018-08-10,40.15186,-122.25478,108.0,"RED BLUFF MUNICIPAL AIRPORT, CA US",84.4,24,54.0,24,1011.7,22,999.7,24,4.3,24,5.2,24,9.9,14.0,105.1, ,64.9, ,0.0,G,,0
72591024216,2018-08-11,40.15186,-122.25478,108.0,"RED BLUFF MUNICIPAL AIRPORT, CA US",84.7,24,50.8,24,1011.6,24,999.3,24,8.3,24,4.1,24,9.9,14.0,105.1, ,66.9, ,0.0,G,,0
72591024216,2018-08-12,40.15186,-122.25478,108.0,"RED BLUFF MUNICIPAL AIRPORT, CA US",81.8,24,51.3,24,1011.0,24,998.7,24,8.9,24,4.4,24,12.0,15.0,99.0, ,63.0, ,0.0,G,,0
72591024216,2018-08-13,40.15186,-122.25478,108.0,"RED BLUFF MUNICIPAL AIRPORT, CA US",79.9,24,50.7,24,1011.0,24,998.6,24,8.9,24,4.9,24,12.0,15.9,97.0, ,61.0, ,0.0,G,,0
72591024216,2018-08-14,40.15186,-122.25478,108.0,"RED BLUFF MUNICIPAL AIRPORT, CA US",78.9,24,51.7,24,1010.1,24,997.6,24,9.6,24,3.4,24,9.9,,97.0, ,61.0, ,0.0,G,,0
72591024216,2018-08-15,40.15186,-122.25478,108.0,"RED BLUFF MUNICIPAL AIRPORT, CA US",78.3,24,53.8,24,1010.5,24,998.0,24,10.0,24,4.6,24,11.1,,95.0, ,61.0, ,0.0,G,,0
72591024216,2018-08-16,40.15186,-122.25478,108.0,"RED BLUFF MUNICIPAL AIRPORT, CA US",78.9,24,54.0,24,1013.0,24,0.6,24,9.9,24,4.7,24,11.1,,96.1, ,62.1, ,0.0,G,,0
72591024216,2018-08-17,40.15186,-122.25478,108.0,"RED BLUFF MUNICIPAL AIRPORT, CA US",82.0,24,47.6,24,1015.2,24,2.9,24,8.7,24,4.6,24,11.1,,100.9, ,62.1, ,0.0,G,,0
72591024216,2018-08-18,40.15186,-122.25478,108.0,"RED BLUFF MUNICIPAL AIRPORT, CA US",83.1,24,49.8,24,1014.8,22,2.7,24,8.6,24,5.2,24,8.9,,100.9, ,62.1, ,0.0,G,,0
72591024216,2018-08-19,40.15186,-122.25478,108.0,"RED BLUFF MUNICIPAL AIRPORT, CA US",81.4,24,48.7,24,1012.4,24,0.0,24,9.6,24,4.9,24,11.1,,100.0, ,64.0, ,0.0,G,,0
72591024216,2018-08-20,40.15186,-122.25478,108.0,"RED BLUFF MUNICIPAL AIRPORT, CA US",79.9,24,46.9,24,1009.3,24,997.0,24,8.8,24,3.9,24,12.0,,99.0, ,64.0, ,0.0,G,,0
72591024216,2018-08-21,40.15186,-122.25478,108.0,"RED BLUFF MUNICIPAL AIRPORT, CA US",75.6,24,50.8,24,1010.6,24,998.1,24,9.8,24,3.6,24,8.9,,99.0, ,60.1, ,0.0,G,,0
72591024216,2018-08-22,40.15186,-122.25478,108.0,"RED BLUFF MUNICIPAL AIRPORT, CA US",73.7,24,55.6,24,1014.0,24,1.5,24,9.8,24,3.3,24,9.9,,91.9, ,59.0, ,0.0,G,,0
72591024216,2018-08-23,40.15186,-122.25478,108.0,"RED BLUFF MUNICIPAL AIRPORT, CA US",74.5,24,50.7,24,1014.6,24,2.1,24,9.8,24,4.3,24,13.0,,91.9, ,57.9, ,0.0,G,,0
72591024216,2018-08-24,40.15186,-122.25478,108.0,"RED BLUFF MUNICIPAL AIRPORT, CA US",72.6,24,52.6,24,1013.2,24,0.7,24,8.2,24,4.2,24,12.0,,91.0, ,57.9, ,0.0,G,,0
72591024216,2018-08-25,40.15186,-122.25478,108.0,"RED BLUFF MUNICIPAL AIRPORT, CA US",72.5,24,49.6,24,1012.1,24,999.5,24,6.9,24,4.6,24,8.9,,91.0, ,55.9, ,0.0,G,,0
72591024216,2018-08-26,40.15186,-122.25478,108.0,"RED BLUFF MUNICIPAL AIRPORT, CA US",73.9,24,47.1,24,1012.4,24,,24,6.0,24,4.5,24,11.1,14.0,91.0, ,55.9, ,0.0,G,,0
72591024216,2018-08-27,40.15186,-122.25478,108.0,"RED BLUFF MUNICIPAL AIRPORT, CA US",74.0,24,50.4,24,1011.3,24,998.9,24,9.4,24,4.7,24,12.0,15.0,90.0, ,59.0, ,0.0,G,,0
72591024216,2018-08-28,40.15186,-122.25478,108.0,"RED BLUFF MUNICIPAL AIRPORT, CA US",72.2,24,51.3,24,1011.2,24,998.8,24,10.0,24,4.8,24,12.0,,89.1, ,57.9, ,0.0,G,,0
72591024216,2018-08-29,40.15186,-122.25478,108.0,"RED BLUFF MUNICIPAL AIRPORT, CA US",74.6,24,55.8,24,1012.8,24,0.4,24,10.0,24,5.5,23,13.0,17.1,90.0,*,60.1,*,0.0,G,,0
72591024216,2018-08-30,40.15186,-122.25478,108.0,"RED BLUFF MUNICIPAL AIRPORT, CA US",72.3,24,52.3,24,1014.6,24,2.1,24,10.0,24,6.4,24,12.0,,90.0, ,60.1, ,0.0,G,,0
72591024216,2018-08-31,40.15186,-122.25478,108.0,"RED BLUFF MUNICIPAL AIRPORT, CA US",73.9,22,51.6,22,1014.6,22,2.1,22,10.0,22,3.8,22,9.9,,91.0,*,57.0,*,0.0,G,,0
72591024216,2018-09-01,40.15186,-122.25478,108.0,"RED BLUFF MUNICIPAL AIRPORT, CA US",78.8,24,46.5,24,1009.8,22,997.6,24,9.6,24,5.0,24,12.0,18.1,102.9, ,55.9, ,0.0,G,,0
72591024216,2018-09-02,40.15186,-122.25478,108.0,"RED BLUFF MUNICIPAL AIRPORT, CA US",80.8,24,49.0,24,1007.4,24,995.1,24,9.7,24,4.0,24,11.1,,102.9, ,59.0, ,0.0,G,,0
72591024216,2018-09-03,40.15186,-122.25478,108.0,"RED BLUFF MUNICIPAL AIRPORT, CA US",79.5,24,51.2,24,1008.4,24,996.1,24,9.2,24,4.2,24,11.1,,100.9, ,62.1, ,0.0,G,,0
72591024216,2018-09-04,40.15186,-122.25478,108.0,"RED BLUFF MUNICIPAL AIRPORT, CA US",80.2,24,56.3,24,1008.3,24,996.0,24,9.5,24,5.1,24,11.1,15.9,100.9, ,63.0, ,0.0,G,,0
72591024216,2018-09-05,40.15186,-122.25478,108.0,"RED BLUFF MUNICIPAL AIRPORT, CA US",79.2,24,53.2,24,1009.9,24,997.5,24,9.8,24,5.9,24,15.9,,97.0, ,62.1, ,0.0,G,,0
72591024216,2018-09-06,40.15186,-122.25478,108.0,"RED BLUFF MUNICIPAL AIRPORT, CA US",77.0,24,49.9,24,1014.1,24,1.6,24,10.0,24,5.2,24,15.9,,97.0, ,57.0, ,0.0,G,,0
72591024216,2018-09-07,40.15186,-122.25478,108.0,"RED BLUFF MUNICIPAL AIRPORT, CA US",77.6,24,45.3,24,1014.6,21,2.2,24,8.7,24,5.1,24,9.9,,100.0, ,57.0, ,0.0,G,,0
72591024216,2018-09-08,40.15186,-122.25478,108.0,"RED BLUFF MUNICIPAL AIRPORT, CA US",79.6,24,42.7,24,1012.3,24,0.0,24,8.4,24,4.3,24,9.9,,100.0, ,60.1, ,0.0,G,,0
72591024216,2018-09-09,40.15186,-122.25478,108.0,"RED BLUFF MUNICIPAL AIRPORT, CA US",77.6,24,42.3,24,1010.3,22,998.0,24,7.9,24,5.2,24,11.1,,97.0, ,60.1, ,0.0,G,,0
72591024216,2018-09-10,40.15186,-122.25478,108.0,"RED BLUFF MUNICIPAL AIRPORT, CA US",76.9,24,39.7,24,1009.8,20,997.6,24,8.0,24,5.1,24,8.9,,97.0, ,57.0, ,0.0,G,,0
72591024216,2018-09-11,40.15186,-122.25478,108.0,"RED BLUFF MUNICIPAL AIRPORT, CA US",76.2,24,35.5,24,1008.9,23,996.6,24,7.0,24,5.0,24,9.9,,96.1, ,57.0, ,0.0,G,,0
72591024216,2018-09-12,40.15186,-122.25478,108.0,"RED BLUFF MUNICIPAL AIRPORT, CA US",72.9,24,38.3,24,1009.1,24,996.6,24,9.8,24,6.6,24,15.9,26.0,91.0, ,57.9, ,0.0,G,,0
72591024216,2018-09-13,40.15186,-122.25478,108.0,"RED BLUFF MUNICIPAL AIRPORT, CA US",68.4,24,45.0,24,1012.1,24,999.5,24,10.0,24,4.8,24,13.0,21.0,81.0, ,54.0, ,0.0,G,,0
72591024216,2018-09-14,40.15186,-122.25478,108.0,"RED BLUFF MUNICIPAL AIRPORT, CA US",66.7,24,42.0,24,1012.9,24,0.3,24,10.0,24,3.5,24,8.9,,82.9, ,50.0, ,0.0,G,,0
72591024216,2018-09-15,40.15186,-122.25478,108.0,"RED BLUFF MUNICIPAL AIRPORT, CA US",67.5,24,39.1,24,1009.9,24,997.3,24,10.0,24,5.7,24,14.0,22.0,82.9, ,50.0, ,0.0,G,,0
72591024216,2018-09-16,40.15186,-122.25478,108.0,"RED BLUFF MUNICIPAL AIRPORT, CA US",65.6,24,40.0,24,1013.5,24,0.9,24,10.0,24,4.5,24,12.0,14.0,82.9, ,46.9, ,0.0,G,,0
72591024216,2018-09-17,40.15186,-122.25478,108.0,"RED BLUFF MUNICIPAL AIRPORT, CA US",65.9,24,34.7,24,1013.2,24,0.7,24,10.0,24,4.4,24,9.9,,84.0,*,50.0,*,0.0,G,,0
72591024216,2018-09-18,40.15186,-122.25478,108.0,"RED BLUFF MUNICIPAL AIRPORT, CA US",66.9,24,38.8,24,1012.5,24,,24,10.0,24,3.8,24,8.9,,86.0, ,48.9, ,0.0,G,,0
72591024216,2018-09-19,40.15186,-122.25478,108.0,"RED BLUFF MUNICIPAL AIRPORT, CA US",70.6,24,36.6,24,1010.7,24,998.2,24,10.0,24,5.6,24,11.1,18.1,91.9, ,48.9, ,0.0,G,,0
72591024216,2018-09-20,40.15186,-122.25478,108.0,"RED BLUFF MUNICIPAL AIRPORT, CA US",78.2,24,29.9,24,1010.5,24,998.1,24,10.0,24,8.6,24,17.1,22.9,97.0, ,54.0, ,0.0,G,,0
72591024216,2018-09-21,40.15186,-122.25478,108.0,"RED BLUFF MUNICIPAL AIRPORT, CA US",73.8,24,33.2,24,1011.8,24,999.3,24,10.0,24,4.6,24,11.1,,97.0, ,53.1, ,0.0,G,,0
72591024216,2018-09-22,40.15186,-122.25478,108.0,"RED BLUFF MUNICIPAL AIRPORT, CA US",73.0,24,41.4,24,1012.8,24,0.3,24,10.0,24,5.1,24,11.1,15.0,93.0, ,53.1, ,0.0,G,,0
72591024216,2018-09-23,40.15186,-122.25478,108.0,"RED BLUFF MUNICIPAL AIRPORT, CA US",74.3,24,44.0,24,1010.5,24,998.0,24,10.0,24,4.7,24,12.0,,91.0, ,55.0, ,0.0,G,,0
72591024216,2018-09-24,40.15186,-122.25478,108.0,"RED BLUFF MUNICIPAL AIRPORT, CA US",75.8,24,32.9,24,1010.2,24,997.8,24,10.0,24,7.1,24,14.0,21.0,95.0, ,55.0, ,0.0,G,,0
72591024216,2018-09-25,40.15186,-122.25478,108.0,"RED BLUFF MUNICIPAL AIRPORT, CA US",80.6,24,24.4,24,1011.5,24,999.1,24,10.0,24,7.7,24,14.0,19.0,100.0, ,60.1, ,0.0,G,,0
72591024216,2018-09-26,40.15186,-122.25478,108.0,"RED BLUFF MUNICIPAL AIRPORT, CA US",76.5,24,24.1,24,1013.2,24,0.7,24,10.0,24,4.5,24,8.0,,100.0, ,55.0, ,0.0,G,,0
72591024216,2018-09-27,40.15186,-122.25478,108.0,"RED BLUFF MUNICIPAL AIRPORT, CA US",74.9,24,32.2,24,1012.3,24,999.8,24,10.0,24,4.7,24,8.9,,99.0, ,54.0, ,0.0,G,,0
72591024216,2018-09-28,40.15186,-122.25478,108.0,"RED BLUFF MUNICIPAL AIRPORT, CA US",73.4,24,39.1,24,1008.5,24,996.1,24,10.0,24,5.5,24,11.1,,97.0, ,54.0, ,0.0,G,,0
72591024216,2018-09-29,40.15186,-122.25478,108.0,"RED BLUFF MUNICIPAL AIRPORT, CA US",67.5,24,49.3,24,1008.3,23,996.1,24,10.0,24,8.1,24,13.0,22.0,91.0, ,54.0, ,0.0,G,,0
72591024216,2018-09-30,40.15186,-122.25478,108.0,"RED BLUFF MUNICIPAL AIRPORT, CA US",67.7,24,51.4,24,1011.5,24,998.9,24,10.0,24,6.0,23,12.0,,78.1, ,54.0, ,0.0,G,,10000
72591024216,2018-10-01,40.15186,-122.25478,108.0,"RED BLUFF MUNICIPAL AIRPORT, CA US",67.5,24,48.5,24,1010.7,24,998.2,24,9.7,24,4.7,24,9.9,,79.0, ,60.1, ,0.0,G,,10000
72591024216,2018-10-02,40.15186,-122.25478,108.0,"RED BLUFF MUNICIPAL AIRPORT, CA US",67.5,24,56.2,24,1009.6,24,997.1,24,9.6,24,5.4,24,9.9,,81.0, ,60.1, ,0.15,G,,10000
72591024216,2018-10-03,40.15186,-122.25478,108.0,"RED BLUFF MUNICIPAL AIRPORT, CA US",68.6,24,58.1,24,1010.2,24,997.6,24,10.0,24,3.7,24,8.9,,81.0, ,59.0, ,0.12,G,,10000
72591024216,2018-10-04,40.15186,-122.25478,108.0,"RED BLUFF MUNICIPAL AIRPORT, CA US",66.4,24,59.1,24,1011.7,19,999.4,24,9.8,24,7.7,24,13.0,,81.0, ,59.0, ,0.0,G,,10010
72591024216,2018-10-05,40.15186,-122.25478,108.0,"RED BLUFF MUNICIPAL AIRPORT, CA US",65.0,24,52.5,24,1016.7,24,4.0,24,10.0,24,4.7,24,12.0,,77.0, ,55.0, ,0.18,G,,0
72591024216,2018-10-06,40.15186,-122.25478,108.0,"RED BLUFF MUNICIPAL AIRPORT, CA US",65.6,24,50.6,24,1014.0,24,1.4,24,10.0,24,6.9,24,17.1,22.9,80.1, ,54.0, ,0.04,G,,10000
72591024216,2018-10-07,40.15186,-122.25478,108.0,"RED BLUFF MUNICIPAL AIRPORT, CA US",69.5,24,37.4,24,1014.2,24,1.6,24,10.0,24,15.5,24,26.0,34.0,81.0, ,54.0, ,0.0,G,,0
72591024216,2018-10-08,40.15186,-122.25478,108.0,"RED BLUFF MUNICIPAL AIRPORT, CA US",71.2,24,40.2,24,1011.6,24,999.1,24,10.0,24,11.1,24,21.0,28.0,86.0, ,60.1, ,0.0,G,,0
72591024216,2018-10-09,40.15186,-122.25478,108.0,"RED BLUFF MUNICIPAL AIRPORT, CA US",72.5,24,47.8,24,1007.9,24,995.4,24,10.0,24,7.5,24,18.1,20.0,86.0, ,59.0, ,0.0,G,,0
72591024216,2018-10-10,40.15186,-122.25478,108.0,"RED BLUFF MUNICIPAL AIRPORT, CA US",70.3,24,37.4,24,1007.5,24,995.0,24,10.0,24,7.6,24,13.0,18.1,82.9, ,57.0, ,0.0,G,,0
72591024216,2018-10-11,40.15186,-122.25478,108.0,"RED BLUFF MUNICIPAL AIRPORT, CA US",67.2,24,36.8,24,1009.0,24,996.5,24,10.0,24,7.1,24,12.0,,81.0, ,57.0, ,0.0,G,,0
72591024216,2018-10-12,40.15186,-122.25478,108.0,"RED BLUFF MUNICIPAL AIRPORT, CA US",68.8,24,32.4,24,1012.6,24,0.0,24,10.0,24,8.4,24,13.0,,87.1, ,54.0, ,0.0,G,,0
72591024216,2018-10-13,40.15186,-122.25478,108.0,"RED BLUFF MUNICIPAL AIRPORT, CA US",69.5,24,29.6,24,1009.3,24,996.8,24,10.0,24,8.2,24,22.0,29.9,90.0, ,50.0, ,0.0,G,,0
72591024216,2018-10-14,40.15186,-122.25478,108.0,"RED BLUFF MUNICIPAL AIRPORT, CA US",73.0,24,20.3,24,1013.2,24,0.7,24,10.0,24,14.4,24,21.0,31.1,90.0, ,50.0, ,0.0,G,,0
72591024216,2018-10-15,40.15186,-122.25478,108.0,"RED BLUFF MUNICIPAL AIRPORT, CA US",65.7,24,15.1,24,1021.3,24,8.6,24,10.0,24,9.1,24,17.1,21.0,84.0, ,48.0, ,0.0,G,,0
72591024216,2018-10-16,40.15186,-122.25478,108.0,"RED BLUFF MUNICIPAL AIRPORT, CA US",68.5,24,18.8,24,1019.2,24,6.5,24,10.0,24,7.8,24,12.0,,89.1, ,48.0, ,0.0,G,,0
72591024216,2018-10-17,40.15186,-122.25478,108.0,"RED BLUFF MUNICIPAL AIRPORT, CA US",65.7,24,29.6,24,1017.4,24,4.8,24,10.0,24,4.3,24,8.9,,89.1, ,46.0, ,0.0,G,,0
72591024216,2018-10-18,40.15186,-122.25478,108.0,"RED BLUFF MUNICIPAL AIRPORT, CA US",62.7,24,32.2,24,1018.4,24,5.8,24,10.0,24,3.6,24,7.0,,82.9, ,45.0, ,0.0,G,,0
72591024216,2018-10-19,40.15186,-122.25478,108.0,"RED BLUFF MUNICIPAL AIRPORT, CA US",64.2,24,34.8,24,1019.1,24,6.4,24,10.0,24,4.0,24,8.0,,90.0, ,45.0, ,0.0,G,,0
72591024216,2018-10-20,40.15186,-122.25478,108.0,"RED BLUFF MUNICIPAL AIRPORT, CA US",67.8,24,33.8,24,1015.9,24,3.3,24,10.0,24,4.9,24,8.9,,90.0, ,48.9, ,0.0,G,,0
72591024216,2018-10-21,40.15186,-122.25478,108.0,"RED BLUFF MUNICIPAL AIRPORT, CA US",64.0,24,38.0,24,1013.8,24,1.2,24,10.0,24,4.6,24,8.9,,84.9, ,46.9, ,0.0,G,,0
72591024216,2018-10-22,40.15186,-122.25478,108.0,"RED BLUFF MUNICIPAL AIRPORT, CA US",62.6,24,37.4,24,1012.5,24,,24,10.0,24,4.4,24,9.9,,84.0, ,46.0, ,0.0,G,,0
72591024216,2018-10-23,40.15186,-122.25478,108.0,"RED BLUFF MUNICIPAL AIRPORT, CA US",58.3,24,37.1,24,1013.7,24,1.0,24,10.0,24,3.1,24,8.0,,82.0, ,44.1, ,0.0,G,,0
72591024216,2018-10-24,40.15186,-122.25478,108.0,"RED BLUFF MUNICIPAL AIRPORT, CA US",59.2,24,36.9,24,1015.8,24,3.1,24,10.0,24,3.2,24,6.0,,77.0, ,44.1, ,0.0,G,,0
72591024216,2018-10-25,40.15186,-122.25478,108.0,"RED BLUFF MUNICIPAL AIRPORT, CA US",63.4,24,38.2,24,1018.1,24,5.4,24,10.0,24,5.3,24,9.9,,87.1, ,46.9, ,0.0,G,,0
72591024216,2018-10-26,40.15186,-122.25478,108.0,"RED BLUFF MUNICIPAL AIRPORT, CA US",65.0,24,37.9,24,1018.2,24,5.6,24,10.0,24,3.0,24,6.0,,87.1, ,48.0, ,0.0,G,,0
72591024216,2018-10-27,40.15186,-122.25478,108.0,"RED BLUFF MUNICIPAL AIRPORT, CA US",65.0,24,45.2,24,1016.7,24,4.0,24,10.0,24,4.7,24,8.0,,82.9, ,50.0, ,0.0,G,,0
72591024216,2018-10-28,40.15186,-122.25478,108.0,"RED BLUFF MUNICIPAL AIRPORT, CA US",62.5,24,49.6,24,1016.4,24,3.7,24,10.0,24,3.5,24,8.9,,80.1, ,51.1, ,0.0,G,,0
72591024216,2018-10-29,40.15186,-122.25478,108.0,"RED BLUFF MUNICIPAL AIRPORT, CA US",62.7,24,39.6,24,1020.5,24,7.8,24,10.0,24,7.2,24,13.0,,75.0, ,48.0, ,0.0,G,,0
72591024216,2018-10-30,40.15186,-122.25478,108.0,"RED BLUFF MUNICIPAL AIRPORT, CA US",63.9,24,33.8,24,1020.7,24,8.0,24,10.0,24,11.6,24,17.1,22.0,75.9, ,48.0, ,0.0,G,,0
72591024216,2018-10-31,40.15186,-122.25478,108.0,"RED BLUFF MUNICIPAL AIRPORT, CA US",65.0,24,30.2,24,1020.3,24,7.6,24,10.0,24,8.7,24,15.9,22.9,81.0, ,53.1, ,0.0,G,,0
72591024216,2018-11-01,40.15186,-122.25478,108.0,"RED BLUFF MUNICIPAL AIRPORT, CA US",71.2,24,45.0,24,1020.6,24,8.0,24,10.0,24,7.4,24,12.0,,87.1, ,53.1, ,0.0,G,,0
72591024216,2018-11-02,40.15186,-122.25478,108.0,"RED BLUFF MUNICIPAL AIRPORT, CA US",66.2,24,42.8,24,1020.5,24,7.8,24,10.0,24,4.5,24,9.9,,87.1, ,46.9, ,0.0,G,,0
72591024216,2018-11-03,40.15186,-122.25478,108.0,"RED BLUFF MUNICIPAL AIRPORT, CA US",72.2,24,33.7,24,1020.1,24,7.6,24,10.0,24,10.9,24,18.1,24.1,84.0,*,62.1,*,0.0,G,,0
72591024216,2018-11-04,40.15186,-122.25478,108.0,"RED BLUFF MUNICIPAL AIRPORT, CA US",67.6,24,29.8,24,1016.9,24,4.3,24,10.0,24,7.2,24,15.9,,86.0, ,52.0, ,0.0,G,,0
72591024216,2018-11-05,40.15186,-122.25478,108.0,"RED BLUFF MUNICIPAL AIRPORT, CA US",65.9,24,34.8,24,1015.0,24,2.4,24,10.0,24,9.3,24,18.1,24.1,77.0, ,52.0, ,0.0,G,,0
72591024216,2018-11-06,40.15186,-122.25478,108.0,"RED BLUFF MUNICIPAL AIRPORT, CA US",65.0,24,25.9,24,1015.4,24,2.7,24,10.0,24,12.8,24,19.0,25.1,79.0, ,54.0, ,0.0,G,,0
72591024216,2018-11-07,40.15186,-122.25478,108.0,"RED BLUFF MUNICIPAL AIRPORT, CA US",59.6,24,18.3,24,1016.7,24,4.0,24,10.0,24,8.2,24,15.9,22.9,79.0, ,39.9, ,0.0,G,,0
72591024216,2018-11-08,40.15186,-122.25478,108.0,"RED BLUFF MUNICIPAL AIRPORT, CA US",62.2,24,14.7,24,1021.2,24,8.4,24,10.0,24,15.7,24,22.0,28.0,75.0, ,39.9, ,0.0,G,,0
72591024216,2018-11-09,40.15186,-122.25478,108.0,"RED BLUFF MUNICIPAL AIRPORT, CA US",58.0,24,9.9,24,1022.1,24,9.3,24,10.0,24,7.3,24,13.0,,75.0, ,41.0, ,0.0,G,,0
72591024216,2018-11-10,40.15186,-122.25478,108.0,"RED BLUFF MUNICIPAL AIRPORT, CA US",48.8,24,17.7,24,1018.1,21,5.6,24,6.0,24,6.4,24,13.0,,75.9, ,35.1, ,0.0,G,,0
72591024216,2018-11-11,40.15186,-122.25478,108.0,"RED BLUFF MUNICIPAL AIRPORT, CA US",62.8,24,13.9,24,1019.7,24,7.0,24,10.0,24,12.5,24,18.1,22.0,75.0,*,52.0,*,0.0,G,,0
72591024216,2018-11-12,40.15186,-122.25478,108.0,"RED BLUFF MUNICIPAL AIRPORT, CA US",56.8,24,11.0,24,1024.6,24,11.8,24,10.0,24,6.3,24,9.9,,78.1, ,39.0, ,0.0,G,,0
72591024216,2018-11-13,40.15186,-122.25478,108.0,"RED BLUFF MUNICIPAL AIRPORT, CA US",49.9,24,19.6,24,1028.9,24,16.0,24,7.2,24,4.5,24,7.0,,78.1, ,37.9, ,0.0,G,,0
72591024216,2018-11-14,40.15186,-122.25478,108.0,"RED BLUFF MUNICIPAL AIRPORT, CA US",47.9,24,19.8,24,1028.6,22,15.3,24,8.6,24,4.2,24,7.0,,70.0, ,34.0, ,0.0,G,,0
72591024216,2018-11-15,40.15186,-122.25478,108.0,"RED BLUFF MUNICIPAL AIRPORT, CA US",47.2,24,23.6,24,1023.4,18,10.0,24,2.7,24,4.1,24,7.0,,70.0, ,34.0, ,0.0,G,,0
72591024216,2018-11-16,40.15186,-122.25478,108.0,"RED BLUFF MUNICIPAL AIRPORT, CA US",47.9,24,25.6,24,1017.7,22,5.2,24,3.4,24,4.3,24,7.0,,68.0, ,36.0, ,0.0,G,,0
72591024216,2018-11-17,40.15186,-122.25478,108.0,"RED BLUFF MUNICIPAL AIRPORT, CA US",47.1,24,26.2,24,1016.5,20,3.5,24,5.0,24,3.6,24,7.0,,68.0, ,34.0, ,0.0,G,,0
72591024216,2018-11-18,40.15186,-122.25478,108.0,"RED BLUFF MUNICIPAL AIRPORT, CA US",47.1,24,27.2,24,1018.0,24,5.2,24,6.4,24,3.7,24,6.0,,68.0, ,33.1, ,0.0,G,,0
72591024216,2018-11-19,40.15186,-122.25478,108.0,"RED BLUFF MUNICIPAL AIRPORT, CA US",48.4,24,27.1,24,1018.2,24,5.3,24,7.4,24,4.2,24,8.9,,73.0, ,33.1, ,0.0,G,,0
72591024216,2018-11-20,40.15186,-122.25478,108.0,"RED BLUFF MUNICIPAL AIRPORT, CA US",48.8,24,27.0,24,1016.3,23,3.5,24,9.8,24,4.5,24,7.0,,73.0, ,33.1, ,0.0,G,,0
72591024216,2018-11-21,40.15186,-122.25478,108.0,"RED BLUFF MUNICIPAL AIRPORT, CA US",48.6,24,34.7,24,1015.6,20,2.8,24,3.6,24,3.0,24,7.0,,64.9, ,34.0, ,0.0,G,,10000
72591024216,2018-11-22,40.15186,-122.25478,108.0,"RED BLUFF MUNICIPAL AIRPORT, CA US",51.9,24,48.3,24,1015.7,10,2.5,24,5.6,24,8.6,24,29.9,36.9,60.1, ,43.0, ,0.68,G,,10000
72591024216,2018-11-23,40.15186,-122.25478,108.0,"RED BLUFF MUNICIPAL AIRPORT, CA US",53.3,24,49.4,24,1017.2,22,4.7,24,9.3,24,17.1,24,24.1,34.0,60.1, ,48.9, ,0.56,G,,10000
72591024216,2018-11-24,40.15186,-122.25478,108.0,"RED BLUFF MUNICIPAL AIRPORT, CA US",56.9,24,51.6,24,1015.6,18,2.6,24,6.9,24,7.2,24,15.9,,64.9, ,50.0, ,0.2,G,,110000
72591024216,2018-11-25,40.15186,-122.25478,108.0,"RED BLUFF MUNICIPAL AIRPORT, CA US",54.1,24,40.9,24,1017.7,24,4.9,24,10.0,24,5.7,24,8.9,,70.0, ,41.0, ,0.01,G,,0
72591024216,2018-11-26,40.15186,-122.25478,108.0,"RED BLUFF MUNICIPAL AIRPORT, CA US",51.9,24,42.6,24,1021.5,24,8.6,24,9.7,24,2.7,24,7.0,,70.0, ,41.0, ,0.0,G,,0
72591024216,2018-11-27,40.15186,-122.25478,108.0,"RED BLUFF MUNICIPAL AIRPORT, CA US",50.9,24,46.2,24,1019.2,17,5.9,24,7.2,24,4.1,24,21.0,22.9,63.0, ,44.1, ,0.0,G,,10000
72591024216,2018-11-28,40.15186,-122.25478,108.0,"RED BLUFF MUNICIPAL AIRPORT, CA US",53.9,24,51.2,24,1012.4,14,0.3,24,5.9,24,5.0,24,18.1,24.1,57.9, ,46.9, ,0.89,G,,10000
72591024216,2018-11-29,40.15186,-122.25478,108.0,"RED BLUFF MUNICIPAL AIRPORT, CA US",53.6,24,49.9,24,1002.2,11,987.5,24,6.8,24,11.7,24,22.0,32.1,57.0,*,48.2,*,1.19,G,,10000
72591024216,2018-11-30,40.15186,-122.25478,108.0,"RED BLUFF MUNICIPAL AIRPORT, CA US",45.9,24,41.3,24,1010.3,23,997.6,24,9.8,24,3.5,24,8.0,,57.0, ,37.9, ,1.31,G,,0
72591024216,2018-12-01,40.15186,-122.25478,108.0,"RED BLUFF MUNICIPAL AIRPORT, CA US",49.7,24,42.1,24,1014.8,21,1.9,24,10.0,24,7.7,24,15.0,,57.0, ,37.9, ,0.0,G,,10000
72591024216,2018-12-02,40.15186,-122.25478,108.0,"RED BLUFF MUNICIPAL AIRPORT, CA US",44.7,24,33.3,24,1017.7,24,4.8,24,10.0,24,3.7,24,7.0,,57.0, ,35.1, ,0.05,G,,0
72591024216,2018-12-03,40.15186,-122.25478,108.0,"RED BLUFF MUNICIPAL AIRPORT, CA US",41.7,24,30.6,24,1023.1,24,10.0,24,9.9,24,4.8,24,8.9,,55.9, ,33.1, ,0.0,G,,0
72591024216,2018-12-04,40.15186,-122.25478,108.0,"RED BLUFF MUNICIPAL AIRPORT, CA US",49.5,24,32.2,24,1019.5,24,6.7,24,10.0,24,6.8,24,11.1,,59.0, ,33.1, ,0.0,G,,0
72591024216,2018-12-05,40.15186,-122.25478,108.0,"RED BLUFF MUNICIPAL AIRPORT, CA US",50.9,24,38.4,24,1015.0,24,2.3,24,9.9,24,4.9,24,8.0,,59.0, ,46.0, ,0.0,G,,10000
72591024216,2018-12-06,40.15186,-122.25478,108.0,"RED BLUFF MUNICIPAL AIRPORT, CA US",48.2,24,36.1,24,1014.4,24,1.6,24,10.0,24,5.5,24,8.9,,62.1, ,37.9, ,0.09,G,,10000
72591024216,2018-12-07,40.15186,-122.25478,108.0,"RED BLUFF MUNICIPAL AIRPORT, CA US",44.9,24,34.2,24,1018.9,24,5.9,24,10.0,24,4.4,24,8.0,,62.1, ,35.1, ,0.0,G,,0
72591024216,2018-12-08,40.15186,-122.25478,108.0,"RED BLUFF MUNICIPAL AIRPORT, CA US",47.3,24,37.0,24,1026.1,24,13.1,24,10.0,24,5.1,24,9.9,,63.0, ,35.1, ,0.0,G,,0
72591024216,2018-12-09,40.15186,-122.25478,108.0,"RED BLUFF MUNICIPAL AIRPORT, CA US",45.0,24,38.2,24,1026.8,24,13.8,24,10.0,24,2.5,24,6.0,,63.0, ,35.1, ,0.0,G,,0
72591024216,2018-12-10,40.15186,-122.25478,108.0,"RED BLUFF MUNICIPAL AIRPORT, CA US",50.2,24,42.3,24,1024.6,24,11.6,24,9.0,24,5.2,24,14.0,18.1,63.0, ,35.1, ,0.02,G,,10000
72591024216,2018-12-11,40.15186,-122.25478,108.0,"RED BLUFF MUNICIPAL AIRPORT, CA US",50.6,24,34.0,24,1022.4,24,9.5,24,10.0,24,7.8,24,13.0,,63.0, ,37.0, ,0.0,G,,0
72591024216,2018-12-12,40.15186,-122.25478,108.0,"RED BLUFF MUNICIPAL AIRPORT, CA US",49.7,24,39.0,24,1024.3,24,11.3,24,8.0,24,6.8,24,15.0,20.0,63.0, ,37.0, ,0.0,G,,0
72591024216,2018-12-13,40.15186,-122.25478,108.0,"RED BLUFF MUNICIPAL AIRPORT, CA US",49.0,24,30.6,24,1025.8,24,12.9,24,10.0,24,4.6,24,9.9,,63.0, ,36.0, ,0.0,G,,0
72591024216,2018-12-14,40.15186,-122.25478,108.0,"RED BLUFF MUNICIPAL AIRPORT, CA US",43.5,24,34.0,24,1019.4,24,6.4,24,9.7,24,5.7,24,22.9,28.0,60.1, ,35.1, ,0.0,G,,10000
72591024216,2018-12-15,40.15186,-122.25478,108.0,"RED BLUFF MUNICIPAL AIRPORT, CA US",47.5,24,43.6,24,1018.8,12,6.5,24,7.7,24,6.2,24,22.0,27.0,57.9, ,36.0, ,0.01,G,,10000
72591024216,2018-12-16,40.15186,-122.25478,108.0,"RED BLUFF MUNICIPAL AIRPORT, CA US",49.6,24,46.0,24,1016.3,13,3.9,24,5.4,24,7.2,24,22.0,33.0,52.0, ,42.1, ,0.3,G,,10000
72591024216,2018-12-17,40.15186,-122.25478,108.0,"RED BLUFF MUNICIPAL AIRPORT, CA US",51.4,24,48.1,24,1019.3,12,5.8,24,6.0,24,6.9,24,19.0,24.1,54.0,*,46.4,*,1.83,G,,110000
72591024216,2018-12-18,40.15186,-122.25478,108.0,"RED BLUFF MUNICIPAL AIRPORT, CA US",50.2,24,45.6,24,1024.6,20,11.8,24,8.9,24,4.5,24,12.0,,57.0,*,44.6,*,0.06,G,,100000
72591024216,2018-12-19,40.15186,-122.25478,108.0,"RED BLUFF MUNICIPAL AIRPORT, CA US",54.6,24,47.7,24,1026.1,23,13.4,24,10.0,24,6.8,24,9.9,,64.0, ,45.0, ,0.0,G,,0
72591024216,2018-12-20,40.15186,-122.25478,108.0,"RED BLUFF MUNICIPAL AIRPORT, CA US",50.2,24,45.6,24,1021.3,18,8.8,24,6.1,24,2.8,24,6.0,,64.0, ,42.1, ,0.0,G,,110000
72591024216,2018-12-21,40.15186,-122.25478,108.0,"RED BLUFF MUNICIPAL AIRPORT, CA US",52.0,24,47.3,24,1019.5,12,6.6,24,6.8,24,4.5,24,9.9,,59.0, ,42.1, ,0.3,G,,10000
72591024216,2018-12-22,40.15186,-122.25478,108.0,"RED BLUFF MUNICIPAL AIRPORT, CA US",44.2,24,33.7,24,1021.0,24,8.1,24,10.0,24,5.7,24,8.0,,59.0, ,35.1, ,0.14,G,,0
72591024216,2018-12-23,40.15186,-122.25478,108.0,"RED BLUFF MUNICIPAL AIRPORT, CA US",46.8,24,41.6,24,1023.8,22,10.7,24,9.6,24,3.3,24,7.0,,54.0, ,35.1, ,0.02,G,,10000
72591024216,2018-12-24,40.15186,-122.25478,108.0,"RED BLUFF MUNICIPAL AIRPORT, CA US",44.8,24,42.4,24,1021.8,16,8.1,24,7.2,24,3.0,24,14.0,18.1,50.0, ,39.9, ,0.15,G,,10000
72591024216,2018-12-25,40.15186,-122.25478,108.0,"RED BLUFF MUNICIPAL AIRPORT, CA US",47.2,24,39.9,24,1014.2,23,1.1,24,9.6,24,7.2,24,21.0,27.0,61.0, ,39.0, ,0.79,G,,10000
72591024216,2018-12-26,40.15186,-122.25478,108.0,"RED BLUFF MUNICIPAL AIRPORT, CA US",48.6,24,31.4,24,1019.4,24,6.6,24,10.0,24,6.8,24,13.0,,61.0, ,37.0, ,0.07,G,,0
72591024216,2018-12-27,40.15186,-122.25478,108.0,"RED BLUFF MUNICIPAL AIRPORT, CA US",46.1,24,32.0,24,1021.9,24,8.9,24,10.0,24,7.5,24,17.1,27.0,60.1, ,37.0, ,0.0,G,,0
72591024216,2018-12-28,40.15186,-122.25478,108.0,"RED BLUFF MUNICIPAL AIRPORT, CA US",47.1,24,24.5,24,1025.4,24,12.4,24,10.0,24,10.6,24,18.1,32.1,57.9, ,37.0, ,0.0,G,,0
72591024216,2018-12-29,40.15186,-122.25478,108.0,"RED BLUFF MUNICIPAL AIRPORT, CA US",47.6,24,27.5,24,1027.1,24,14.2,24,10.0,24,5.9,24,15.0,20.0,57.9, ,37.0, ,0.0,G,,0
72591024216,2018-12-30,40.15186,-122.25478,108.0,"RED BLUFF MUNICIPAL AIRPORT, CA US",42.2,24,33.2,24,1024.4,24,11.4,24,9.9,24,4.0,24,7.0,,57.0, ,32.0, ,0.0,G,,0
72591024216,2018-12-31,40.15186,-122.25478,108.0,"RED BLUFF MUNICIPAL AIRPORT, CA US",47.0,24,27.6,24,1020.0,24,7.1,24,9.8,24,11.3,24,22.9,31.1,55.0, ,32.0, ,0.0,G,,0
