event_id,start_date,end_date,duration_days,num_detections,latitude,longitude,max_frp,avg_frp,total_frp,max_confidence,avg_confidence,year,month,day
0,2011-01-17,2011-01-17,1,1,32.6209,-114.6235,19.7,19.7,19.7,76,76.0,2011,1,17
1,2011-01-10,2011-01-27,18,8,32.6843,-115.6711,436.8,131.4,1051.2,95,72.875,2011,1,10
2,2011-01-13,2011-01-13,1,3,32.6997,-114.309,18.5,12.166666666666666,36.5,78,67.33333333333333,2011,1,13
3,2011-01-08,2011-01-31,24,5,32.7021,-115.416,101.1,61.239999999999995,306.2,86,76.2,2011,1,8
4,2011-01-08,2011-01-27,20,5,32.9308,-115.3968,87.5,40.92,204.6,97,81.0,2011,1,8
5,2011-01-17,2011-01-27,11,5,32.8819,-115.6788,88.2,37.6,188.0,84,63.6,2011,1,21
6,2011-01-27,2011-01-27,1,6,33.0196,-115.6037,349.8,184.78333333333333,1108.7,95,85.83333333333333,2011,1,27
7,2011-01-08,2011-01-10,3,5,33.0948,-115.5266,210.9,112.4,562.0,87,76.0,2011,1,10
8,2011-01-27,2011-01-27,1,2,33.2932,-116.3465,38.8,24.95,49.9,90,82.0,2011,1,27
9,2011-01-13,2011-01-13,1,1,33.4526,-116.1083,14.9,14.9,14.9,70,70.0,2011,1,13
10,2011-01-24,2011-01-24,1,4,33.4856,-114.7188,57.5,29.075,116.3,91,74.75,2011,1,24
11,2011-01-27,2011-01-31,5,4,33.5724,-116.0111,9.7,6.8,27.2,64,58.25,2011,1,28
12,2011-01-17,2011-01-17,1,1,33.5951,-114.7539,14.2,14.2,14.2,73,73.0,2011,1,17
13,2011-01-28,2011-01-28,1,2,33.6509,-114.5581,12.4,11.05,22.1,69,63.5,2011,1,28
14,2011-01-10,2011-01-10,1,1,34.0919,-117.5317,4.6,4.6,4.6,53,53.0,2011,1,10
15,2011-01-28,2011-01-28,1,1,34.5322,-117.9645,6.9,6.9,6.9,51,51.0,2011,1,28
16,2011-01-06,2011-01-06,1,1,34.6033,-118.3848,12.8,12.8,12.8,54,54.0,2011,1,6
17,2011-01-07,2011-01-07,1,1,35.0752,-120.579,6.7,6.7,6.7,61,61.0,2011,1,7
18,2011-01-25,2011-01-25,1,1,35.3562,-118.9834,4.4,4.4,4.4,55,55.0,2011,1,25
19,2011-01-30,2011-01-30,1,1,35.5996,-119.2462,11.9,11.9,11.9,65,65.0,2011,1,30
20,2011-01-22,2011-01-22,1,1,35.6529,-120.7465,7.3,7.3,7.3,64,64.0,2011,1,22
21,2011-01-25,2011-01-25,1,1,36.3166,-115.6297,21.1,21.1,21.1,71,71.0,2011,1,25
22,2011-01-25,2011-01-25,1,2,36.413,-116.3485,51.7,37.05,74.1,82,74.5,2011,1,25
23,2011-01-20,2011-01-20,1,1,36.5201,-119.9658,11.1,11.1,11.1,60,60.0,2011,1,20
24,2011-01-25,2011-01-25,1,3,36.5754,-121.4803,10.1,10.0,30.0,73,66.33333333333333,2011,1,25
25,2011-01-20,2011-01-20,1,1,36.6846,-120.1396,19.5,19.5,19.5,71,71.0,2011,1,20
26,2011-01-22,2011-01-22,1,2,38.6055,-119.5976,80.0,59.65,119.3,80,72.0,2011,1,22
27,2011-01-27,2011-01-28,2,3,38.7146,-120.5027,105.6,45.300000000000004,135.9,91,74.0,2011,1,28
28,2011-01-25,2011-01-25,1,2,39.4094,-122.2453,33.0,26.7,53.4,87,83.5,2011,1,25
29,2011-01-28,2011-01-28,1,1,39.4352,-120.9629,40.7,40.7,40.7,79,79.0,2011,1,28
30,2011-01-25,2011-01-25,1,1,39.512,-121.4419,6.1,6.1,6.1,51,51.0,2011,1,25
31,2011-01-25,2011-01-25,1,6,39.6586,-121.1972,221.7,106.14999999999999,636.9,100,91.5,2011,1,25
32,2011-01-07,2011-01-07,1,1,39.8467,-121.521,13.5,13.5,13.5,74,74.0,2011,1,7
33,2011-01-27,2011-01-27,1,2,40.1114,-122.3908,12.9,9.8,19.6,73,65.0,2011,1,27
34,2011-01-25,2011-01-25,1,1,40.3051,-122.6805,4.8,4.8,4.8,56,56.0,2011,1,25
35,2011-01-18,2011-01-20,3,4,40.3634,-122.9655,20.3,13.325,53.3,73,63.25,2011,1,18
36,2011-01-20,2011-01-20,1,1,40.5172,-122.558,15.6,15.6,15.6,67,67.0,2011,1,20
37,2011-01-25,2011-01-25,1,2,41.0681,-120.0808,14.6,12.5,25.0,73,69.0,2011,1,25
38,2011-01-21,2011-01-21,1,2,41.281000000000006,-123.3205,23.7,15.55,31.1,80,65.0,2011,1,21
39,2011-02-24,2011-02-24,1,2,32.7107,-114.1006,38.7,34.55,69.1,75,73.5,2011,2,24
40,2011-02-03,2011-02-23,21,14,32.8061,-115.6444,457.4,121.37142857142858,1699.2,100,86.21428571428571,2011,2,18
41,2011-02-15,2011-02-15,1,2,32.7295,-115.4667,177.5,133.2,266.4,97,92.0,2011,2,15
42,2011-02-07,2011-02-14,8,5,32.7631,-116.5528,71.3,45.38,226.9,89,73.6,2011,2,14
43,2011-02-07,2011-02-07,1,1,32.7717,-114.6414,20.9,20.9,20.9,54,54.0,2011,2,7
44,2011-02-17,2011-02-17,1,2,32.8552,-115.3692,152.1,109.69999999999999,219.39999999999998,100,95.5,2011,2,17
45,2011-02-17,2011-02-28,12,3,32.867,-115.541,141.7,63.93333333333334,191.8,100,85.33333333333333,2011,2,17
46,2011-02-23,2011-02-23,1,3,32.9707,-115.3985,59.0,35.0,105.0,86,71.33333333333333,2011,2,23
47,2011-02-01,2011-02-24,24,8,33.1324,-115.48,390.7,172.9875,1383.9,100,91.875,2011,2,1
48,2011-02-15,2011-02-23,9,4,33.1443,-115.4594,316.0,139.225,556.9,100,79.0,2011,2,15
49,2011-02-17,2011-02-17,1,3,33.2888,-115.5834,318.2,118.73333333333333,356.2,82,75.66666666666667,2011,2,17
50,2011-02-23,2011-02-23,1,3,33.3007,-116.3441,29.0,20.466666666666665,61.4,77,70.0,2011,2,23
51,2011-02-09,2011-02-11,3,3,33.4486,-114.6992,25.0,15.700000000000001,47.1,79,74.0,2011,2,9
52,2011-02-23,2011-02-25,3,2,33.5106,-116.1684,12.3,9.75,19.5,69,65.5,2011,2,23
53,2011-02-05,2011-02-14,10,2,33.5498,-114.6614,9.0,6.6,13.2,55,52.5,2011,2,14
54,2011-02-14,2011-02-14,1,1,33.666,-114.5828,34.5,34.5,34.5,85,85.0,2011,2,14
55,2011-02-13,2011-02-13,1,1,33.7541,-115.3605,8.6,8.6,8.6,65,65.0,2011,2,13
56,2011-02-14,2011-02-14,1,3,33.7963,-114.4699,60.8,45.96666666666667,137.9,93,88.66666666666667,2011,2,14
57,2011-02-21,2011-02-21,1,1,34.0171,-114.4075,7.8,7.8,7.8,60,60.0,2011,2,21
58,2011-02-01,2011-02-23,23,5,34.3735,-118.9432,49.0,17.2,86.0,86,65.8,2011,2,4
59,2011-02-14,2011-02-14,1,2,34.4181,-118.7709,25.0,20.9,41.8,80,75.0,2011,2,14
60,2011-02-04,2011-02-04,1,1,34.4581,-119.2172,7.9,7.9,7.9,54,54.0,2011,2,4
61,2011-02-10,2011-02-10,1,3,34.9265,-119.6536,19.0,14.333333333333334,43.0,67,58.0,2011,2,10
62,2011-02-25,2011-02-25,1,1,34.9742,-114.6708,8.8,8.8,8.8,70,70.0,2011,2,25
63,2011-02-01,2011-02-10,10,3,35.204,-120.428,14.5,11.0,33.0,76,69.66666666666667,2011,2,1
64,2011-02-17,2011-02-19,3,2,35.4749,-119.1074,10.5,9.85,19.7,74,72.0,2011,2,19
65,2011-02-08,2011-02-08,1,1,35.4883,-120.2203,3.7,3.7,3.7,51,51.0,2011,2,8
66,2011-02-09,2011-02-09,1,1,35.5088,-116.5081,4.3,4.3,4.3,54,54.0,2011,2,9
67,2011-02-10,2011-02-10,1,2,35.7906,-121.0322,7.8,6.5,13.0,64,59.0,2011,2,10
68,2011-02-28,2011-02-28,1,2,35.8396,-119.2041,9.8,9.0,18.0,71,66.0,2011,2,28
69,2011-02-01,2011-02-01,1,2,35.9872,-119.1141,10.2,8.7,17.4,70,66.5,2011,2,1
70,2011-02-01,2011-02-01,1,1,36.3401,-121.2958,4.2,4.2,4.2,61,61.0,2011,2,1
71,2011-02-08,2011-02-09,2,2,36.486,-121.3615,10.0,8.15,16.3,70,68.0,2011,2,9
72,2011-02-15,2011-02-15,1,2,36.558,-119.7665,17.9,14.6,29.2,79,65.0,2011,2,15
73,2011-02-01,2011-02-28,28,2,36.5858,-121.5356,14.2,9.0,18.0,71,60.5,2011,2,28
74,2011-02-10,2011-02-23,14,3,36.6393,-118.0736,25.7,15.033333333333331,45.099999999999994,84,76.0,2011,2,23
75,2011-02-28,2011-02-28,1,3,36.7291,-120.6912,15.6,11.633333333333333,34.9,71,61.666666666666664,2011,2,28
76,2011-02-09,2011-02-09,1,1,36.734,-121.7624,7.3,7.3,7.3,56,56.0,2011,2,9
77,2011-02-09,2011-02-17,9,6,36.8756,-120.4414,43.0,25.083333333333332,150.5,90,79.0,2011,2,15
78,2011-02-13,2011-02-13,1,3,36.8981,-120.5839,33.5,26.099999999999998,78.3,81,73.33333333333333,2011,2,13
79,2011-02-13,2011-02-13,1,1,36.9234,-121.1226,26.1,26.1,26.1,59,59.0,2011,2,13
80,2011-02-15,2011-02-15,1,1,36.9496,-120.2583,14.5,14.5,14.5,74,74.0,2011,2,15
81,2011-02-23,2011-02-23,1,2,37.1722,-120.793,29.6,19.15,38.3,86,74.0,2011,2,23
82,2011-02-15,2011-02-15,1,3,37.4542,-118.4048,36.5,25.066666666666666,75.2,85,80.66666666666667,2011,2,15
83,2011-02-12,2011-02-12,1,1,37.5119,-117.9276,56.8,56.8,56.8,83,83.0,2011,2,12
84,2011-02-08,2011-02-08,1,2,37.6184,-120.5132,6.5,5.5,11.0,61,56.5,2011,2,8
85,2011-02-09,2011-02-09,1,2,37.5533,-120.9303,11.6,10.399999999999999,20.799999999999997,69,66.5,2011,2,9
86,2011-02-10,2011-02-10,1,1,37.6443,-120.6266,10.6,10.6,10.6,54,54.0,2011,2,10
87,2011-02-08,2011-02-08,1,1,37.7469,-121.0794,4.3,4.3,4.3,52,52.0,2011,2,8
88,2011-02-10,2011-02-10,1,1,37.8765,-120.2601,18.8,18.8,18.8,71,71.0,2011,2,10
89,2011-02-08,2011-02-08,1,2,38.0901,-120.7756,8.7,7.75,15.5,66,63.5,2011,2,8
90,2011-02-10,2011-02-10,1,1,38.1535,-121.3877,12.9,12.9,12.9,75,75.0,2011,2,10
91,2011-02-10,2011-02-10,1,1,38.2487,-122.39,9.1,9.1,9.1,50,50.0,2011,2,10
92,2011-02-10,2011-02-10,1,2,38.3347,-122.9972,16.6,12.55,25.1,75,69.0,2011,2,10
93,2011-02-05,2011-02-05,1,1,38.5236,-121.8463,9.6,9.6,9.6,70,70.0,2011,2,5
94,2011-02-06,2011-02-12,7,3,38.7784,-119.306,12.4,10.133333333333333,30.4,69,66.66666666666667,2011,2,6
95,2011-02-22,2011-02-22,1,1,38.8352,-122.1911,5.6,5.6,5.6,51,51.0,2011,2,22
96,2011-02-13,2011-02-13,1,1,38.8819,-122.9301,7.7,7.7,7.7,50,50.0,2011,2,13
97,2011-02-12,2011-02-12,1,4,38.959,-121.5265,11.7,8.375,33.5,67,61.25,2011,2,12
98,2011-02-20,2011-02-20,1,1,39.0517,-117.14,9.8,9.8,9.8,52,52.0,2011,2,20
99,2011-02-11,2011-02-11,1,3,39.0796,-122.0496,93.7,64.26666666666667,192.8,87,74.66666666666667,2011,2,11
100,2011-02-10,2011-02-10,1,4,39.1009,-121.8347,65.4,29.875,119.5,96,83.0,2011,2,10
101,2011-02-07,2011-02-09,3,3,39.111,-119.1613,86.7,68.30000000000001,204.90000000000003,86,78.0,2011,2,9
102,2011-02-12,2011-02-12,1,1,39.1353,-122.1816,9.3,9.3,9.3,65,65.0,2011,2,12
103,2011-02-08,2011-02-08,1,2,39.1545,-123.1996,7.9,6.65,13.3,65,59.5,2011,2,8
104,2011-02-13,2011-02-13,1,1,39.1836,-123.0649,7.4,7.4,7.4,51,51.0,2011,2,13
105,2011-02-10,2011-02-10,1,3,39.195,-121.613,10.4,7.300000000000001,21.900000000000002,64,59.0,2011,2,10
106,2011-02-09,2011-02-13,5,6,39.2659,-122.2336,133.7,55.4,332.4,89,79.33333333333333,2011,2,9
107,2011-02-10,2011-02-10,1,3,39.2762,-120.8493,29.1,17.03333333333333,51.099999999999994,85,73.33333333333333,2011,2,10
108,2011-02-10,2011-02-10,1,2,39.2708,-120.8846,16.5,13.2,26.4,72,63.0,2011,2,10
109,2011-02-10,2011-02-13,4,5,39.3558,-122.2102,157.9,54.44,272.2,85,76.4,2011,2,13
110,2011-02-13,2011-02-13,1,2,39.3669,-121.8426,50.8,48.45,96.9,86,85.5,2011,2,13
111,2011-02-11,2011-02-13,3,3,39.3923,-121.9766,19.3,14.333333333333334,43.0,67,63.666666666666664,2011,2,11
112,2011-02-07,2011-02-11,5,5,39.4146,-122.2195,69.6,41.1,205.5,93,77.4,2011,2,11
113,2011-02-12,2011-02-13,2,2,39.4388,-120.7971,109.4,67.95,135.9,92,86.0,2011,2,13
114,2011-02-13,2011-02-13,1,1,39.4404,-120.778,110.3,110.3,110.3,92,92.0,2011,2,13
115,2011-02-10,2011-02-13,4,5,39.4937,-122.1549,33.3,15.36,76.8,87,73.6,2011,2,10
116,2011-02-11,2011-02-13,3,3,39.6067,-122.0796,104.4,49.63333333333333,148.9,96,79.66666666666667,2011,2,13
117,2011-02-10,2011-02-10,1,1,39.7313,-120.5331,7.5,7.5,7.5,50,50.0,2011,2,10
118,2011-02-07,2011-02-10,4,4,40.0007,-122.1929,24.4,16.625,66.5,76,68.25,2011,2,10
119,2011-02-10,2011-02-10,1,2,39.9887,-122.4467,12.9,11.4,22.8,67,63.5,2011,2,10
120,2011-02-01,2011-02-01,1,2,40.0436,-120.9711,24.4,18.25,36.5,82,75.0,2011,2,1
121,2011-02-10,2011-02-13,4,4,40.0878,-122.647,21.5,13.5,54.0,75,67.25,2011,2,10
122,2011-02-10,2011-02-10,1,1,40.1111,-122.3941,10.3,10.3,10.3,61,61.0,2011,2,10
123,2011-02-10,2011-02-10,1,1,40.4329,-122.1774,12.7,12.7,12.7,65,65.0,2011,2,10
124,2011-02-02,2011-02-02,1,1,41.0304,-121.4793,42.9,42.9,42.9,56,56.0,2011,2,2
125,2011-02-12,2011-02-12,1,1,41.6946,-122.5057,25.5,25.5,25.5,79,79.0,2011,2,12
126,2011-02-10,2011-02-10,1,1,41.7775,-123.9611,9.1,9.1,9.1,58,58.0,2011,2,10
127,2011-02-12,2011-02-14,3,3,41.79600000000001,-121.4175,19.2,12.533333333333333,37.6,77,63.666666666666664,2011,2,12
128,2011-02-10,2011-02-10,1,1,41.8111,-122.5249,11.0,11.0,11.0,56,56.0,2011,2,10
129,2011-02-10,2011-02-10,1,1,41.9141,-121.706,101.2,101.2,101.2,75,75.0,2011,2,10
130,2011-03-30,2011-03-30,1,1,32.7145,-115.3708,28.0,28.0,28.0,81,81.0,2011,3,30
131,2011-03-09,2011-03-09,1,1,32.7315,-114.0355,14.9,14.9,14.9,59,59.0,2011,3,9
132,2011-03-05,2011-03-25,21,2,32.7934,-115.6515,153.4,129.1,258.2,100,99.5,2011,3,25
133,2011-03-25,2011-03-25,1,7,32.8045,-115.6546,1870.2,562.8285714285714,3939.8,100,99.71428571428571,2011,3,25
134,2011-03-13,2011-03-13,1,3,32.8395,-115.4014,132.7,95.33333333333333,286.0,87,79.66666666666667,2011,3,13
135,2011-03-13,2011-03-13,1,1,33.2751,-115.5714,15.7,15.7,15.7,68,68.0,2011,3,13
136,2011-03-15,2011-03-17,3,8,33.3407,-116.8152,153.3,95.10000000000001,760.8000000000001,100,75.0,2011,3,15
137,2011-03-08,2011-03-08,1,1,33.4011,-116.7726,7.0,7.0,7.0,53,53.0,2011,3,8
138,2011-03-15,2011-03-15,1,1,33.5429,-116.0056,10.8,10.8,10.8,74,74.0,2011,3,15
139,2011-03-02,2011-03-02,1,2,33.6369,-117.3682,48.6,37.7,75.4,77,68.5,2011,3,2
140,2011-03-09,2011-03-09,1,4,33.8995,-114.4975,29.8,17.45,69.8,84,68.0,2011,3,9
141,2011-03-15,2011-03-15,1,1,34.0814,-114.3019,96.8,96.8,96.8,82,82.0,2011,3,15
142,2011-03-03,2011-03-03,1,1,34.8281,-118.4402,190.8,190.8,190.8,100,100.0,2011,3,3
143,2011-03-15,2011-03-24,10,5,34.9584,-114.6304,720.0,264.24,1321.2,100,84.8,2011,3,24
144,2011-03-18,2011-03-18,1,2,34.9661,-119.9188,11.6,9.899999999999999,19.799999999999997,67,63.0,2011,3,18
145,2011-03-17,2011-03-18,2,3,35.2246,-118.8803,23.7,19.766666666666666,59.3,74,62.333333333333336,2011,3,18
146,2011-03-04,2011-03-04,1,1,35.3505,-119.2813,4.8,4.8,4.8,55,55.0,2011,3,4
147,2011-03-09,2011-03-09,1,1,35.4875,-120.2281,7.9,7.9,7.9,59,59.0,2011,3,9
148,2011-03-04,2011-03-04,1,1,35.5917,-119.1646,4.4,4.4,4.4,60,60.0,2011,3,4
149,2011-03-07,2011-03-07,1,4,35.6486,-119.9979,38.3,19.925,79.7,100,76.25,2011,3,7
150,2011-03-03,2011-03-12,10,5,35.8183,-119.2116,22.4,11.08,55.4,84,66.0,2011,3,12
151,2011-03-11,2011-03-12,2,2,36.0446,-121.0119,9.3,8.95,17.9,72,68.0,2011,3,11
152,2011-03-29,2011-03-29,1,1,36.0853,-115.1355,8.7,8.7,8.7,69,69.0,2011,3,29
153,2011-03-09,2011-03-09,1,1,36.2961,-119.2277,6.0,6.0,6.0,58,58.0,2011,3,9
154,2011-03-10,2011-03-11,2,4,36.361,-119.4731,35.2,24.75,99.0,88,69.0,2011,3,10
155,2011-03-09,2011-03-11,3,2,36.5706,-119.6988,7.2,6.45,12.9,73,71.5,2011,3,9
156,2011-03-11,2011-03-11,1,1,36.5714,-119.5007,6.5,6.5,6.5,67,67.0,2011,3,11
157,2011-03-11,2011-03-11,1,1,36.5902,-121.5341,3.3,3.3,3.3,51,51.0,2011,3,11
158,2011-03-03,2011-03-08,6,4,36.632,-118.076,88.2,53.724999999999994,214.89999999999998,85,77.75,2011,3,3
159,2011-03-08,2011-03-08,1,1,36.7151,-119.5434,9.5,9.5,9.5,55,55.0,2011,3,8
160,2011-03-02,2011-03-02,1,1,36.8566,-119.9675,12.1,12.1,12.1,59,59.0,2011,3,2
161,2011-03-12,2011-03-12,1,2,36.8743,-120.4381,41.6,25.6,51.2,91,82.0,2011,3,12
162,2011-03-02,2011-03-09,8,7,36.9,-118.2196,34.8,23.442857142857147,164.10000000000002,81,69.14285714285714,2011,3,9
163,2011-03-30,2011-03-30,1,1,37.2889,-120.7293,6.1,6.1,6.1,52,52.0,2011,3,30
164,2011-03-12,2011-03-12,1,4,37.3712,-118.4191,189.4,168.27500000000003,673.1000000000001,85,84.0,2011,3,12
165,2011-03-28,2011-03-30,3,2,37.436,-120.5885,8.7,6.85,13.7,71,61.5,2011,3,28
166,2011-03-01,2011-03-01,1,3,37.5055,-114.7248,24.8,17.6,52.800000000000004,78,67.66666666666667,2011,3,1
167,2011-03-12,2011-03-12,1,2,38.1843,-121.4422,9.2,6.8,13.6,73,61.5,2011,3,12
168,2011-03-11,2011-03-11,1,2,38.2768,-121.1425,18.8,13.5,27.0,81,74.5,2011,3,11
169,2011-03-30,2011-03-30,1,4,38.8803,-122.689,35.5,20.125,80.5,83,75.25,2011,3,30
170,2011-03-30,2011-03-30,1,2,39.42,-122.286,26.1,23.05,46.1,86,84.5,2011,3,30
171,2011-03-04,2011-03-04,1,1,39.5261,-118.4773,24.7,24.7,24.7,64,64.0,2011,3,4
172,2011-03-01,2011-03-01,1,1,39.5645,-122.0513,80.4,80.4,80.4,92,92.0,2011,3,1
173,2011-03-29,2011-03-29,1,1,39.5938,-122.2636,9.5,9.5,9.5,50,50.0,2011,3,29
174,2011-03-31,2011-03-31,1,2,40.1915,-122.7837,47.8,42.55,85.1,80,73.0,2011,3,31
175,2011-03-31,2011-03-31,1,3,41.4624,-120.5581,67.1,56.06666666666666,168.2,72,67.33333333333333,2011,3,31
176,2011-03-31,2011-03-31,1,1,41.8701,-119.0216,12.1,12.1,12.1,72,72.0,2011,3,31
177,2011-04-05,2011-04-05,1,1,32.6506,-114.5712,36.9,36.9,36.9,80,80.0,2011,4,5
178,2011-04-18,2011-04-18,1,1,33.5848,-116.1815,15.0,15.0,15.0,58,58.0,2011,4,18
179,2011-04-23,2011-04-23,1,2,33.904,-118.4114,9.0,8.6,17.2,62,58.0,2011,4,23
180,2011-04-05,2011-04-05,1,1,34.0954,-117.3874,5.1,5.1,5.1,66,66.0,2011,4,5
181,2011-04-26,2011-04-26,1,9,34.8082,-114.5676,205.5,80.5,724.5,99,78.0,2011,4,26
182,2011-04-12,2011-04-12,1,1,35.0767,-120.4666,10.8,10.8,10.8,69,69.0,2011,4,12
183,2011-04-04,2011-04-05,2,2,35.4927,-120.2445,7.2,6.050000000000001,12.100000000000001,59,56.5,2011,4,4
184,2011-04-05,2011-04-05,1,1,35.5539,-119.2775,21.7,21.7,21.7,82,82.0,2011,4,5
185,2011-04-27,2011-04-28,2,2,35.6474,-120.3828,29.0,21.8,43.6,82,79.5,2011,4,27
186,2011-04-21,2011-04-28,8,7,35.7288,-119.121,37.7,22.37142857142857,156.6,89,70.71428571428571,2011,4,28
187,2011-04-04,2011-04-30,27,2,35.8895,-119.2502,51.0,30.75,61.5,63,61.5,2011,4,4
188,2011-04-06,2011-04-06,1,2,36.0066,-121.2426,29.8,26.0,52.0,68,61.5,2011,4,6
189,2011-04-30,2011-04-30,1,4,36.0156,-118.9669,35.5,19.225,76.9,89,72.75,2011,4,30
190,2011-04-14,2011-04-21,8,2,36.1247,-121.0691,21.8,17.9,35.8,83,76.5,2011,4,21
191,2011-04-05,2011-04-05,1,1,36.0817,-119.1005,5.3,5.3,5.3,50,50.0,2011,4,5
192,2011-04-12,2011-04-14,3,2,36.3994,-121.5963,11.0,8.9,17.8,58,55.5,2011,4,14
193,2011-04-03,2011-04-26,24,6,36.4774,-119.5572,24.9,11.15,66.9,80,63.833333333333336,2011,4,26
194,2011-04-13,2011-04-13,1,1,36.4864,-121.3918,4.4,4.4,4.4,57,57.0,2011,4,13
195,2011-04-15,2011-04-30,16,3,36.4887,-119.2847,25.0,13.233333333333334,39.7,68,59.666666666666664,2011,4,15
196,2011-04-03,2011-04-03,1,1,36.506,-120.0842,7.1,7.1,7.1,54,54.0,2011,4,3
197,2011-04-04,2011-04-10,7,2,36.5674,-121.2056,8.2,7.8,15.6,54,52.5,2011,4,10
198,2011-04-30,2011-04-30,1,1,36.5673,-119.8496,12.9,12.9,12.9,78,78.0,2011,4,30
199,2011-04-05,2011-04-21,17,5,36.6405,-120.0889,22.0,15.319999999999999,76.6,78,70.4,2011,4,15
200,2011-04-04,2011-04-21,18,2,36.6264,-119.4852,15.2,14.7,29.4,78,75.5,2011,4,4
201,2011-04-03,2011-04-03,1,1,36.7189,-120.1915,39.1,39.1,39.1,90,90.0,2011,4,3
202,2011-04-05,2011-04-05,1,2,36.8331,-120.2177,34.7,32.7,65.4,90,89.0,2011,4,5
203,2011-04-14,2011-04-14,1,2,36.8594,-119.9546,13.4,10.5,21.0,70,63.5,2011,4,14
204,2011-04-05,2011-04-05,1,1,36.904,-120.6018,9.4,9.4,9.4,69,69.0,2011,4,5
205,2011-04-21,2011-04-26,6,2,37.047,-120.1318,10.9,10.3,20.6,76,69.5,2011,4,21
206,2011-04-12,2011-04-12,1,1,37.0883,-120.4425,7.3,7.3,7.3,64,64.0,2011,4,12
207,2011-04-26,2011-04-26,1,1,37.1088,-120.062,16.4,16.4,16.4,76,76.0,2011,4,26
208,2011-04-22,2011-04-22,1,2,37.4309,-121.0123,17.2,14.45,28.9,81,68.5,2011,4,22
209,2011-04-05,2011-04-26,22,2,37.5503,-120.7414,6.8,6.35,12.7,67,62.0,2011,4,26
210,2011-04-06,2011-04-17,12,6,37.6285,-120.2288,11.6,7.249999999999999,43.49999999999999,71,60.333333333333336,2011,4,14
211,2011-04-12,2011-04-12,1,2,37.7581,-120.9219,7.1,6.1,12.2,71,68.0,2011,4,12
212,2011-04-12,2011-04-12,1,2,37.8371,-120.8285,5.9,5.550000000000001,11.100000000000001,62,61.5,2011,4,12
213,2011-04-26,2011-04-26,1,1,37.8284,-120.9947,22.1,22.1,22.1,83,83.0,2011,4,26
214,2011-04-17,2011-04-17,1,2,37.8927,-121.7161,33.8,25.099999999999998,50.199999999999996,83,81.5,2011,4,17
215,2011-04-04,2011-04-14,11,8,38.1618,-121.5782,244.0,78.3625,626.9,100,88.625,2011,4,4
216,2011-04-05,2011-04-05,1,1,38.1731,-121.4042,13.5,13.5,13.5,77,77.0,2011,4,5
217,2011-04-12,2011-04-12,1,2,38.1914,-121.1157,6.3,5.949999999999999,11.899999999999999,73,71.5,2011,4,12
218,2011-04-13,2011-04-13,1,2,38.3773,-115.1185,18.5,16.25,32.5,70,68.5,2011,4,13
219,2011-04-10,2011-04-10,1,2,38.5378,-121.95,7.6,5.9,11.8,67,66.0,2011,4,10
220,2011-04-12,2011-04-26,15,2,38.6303,-121.9256,7.9,6.85,13.7,65,60.0,2011,4,26
221,2011-04-26,2011-04-26,1,1,38.6631,-121.389,6.1,6.1,6.1,57,57.0,2011,4,26
222,2011-04-10,2011-04-28,19,2,38.7569,-121.5828,113.1,60.65,121.3,94,77.5,2011,4,10
223,2011-04-12,2011-04-12,1,1,38.7258,-123.0666,12.7,12.7,12.7,72,72.0,2011,4,12
224,2011-04-10,2011-04-10,1,2,38.766,-121.5805,10.3,10.15,20.3,74,72.0,2011,4,10
225,2011-04-17,2011-04-21,5,3,38.8644,-121.8913,20.7,13.299999999999999,39.9,72,67.66666666666667,2011,4,17
226,2011-04-09,2011-04-10,2,6,38.8521,-121.7661,67.9,25.0,150.0,97,74.5,2011,4,10
227,2011-04-10,2011-04-17,8,3,38.8451,-121.5105,20.3,14.466666666666667,43.4,78,68.33333333333333,2011,4,17
228,2011-04-26,2011-04-26,1,1,38.9067,-121.3373,5.5,5.5,5.5,51,51.0,2011,4,26
229,2011-04-30,2011-04-30,1,1,38.9257,-122.9819,39.4,39.4,39.4,79,79.0,2011,4,30
230,2011-04-14,2011-04-14,1,1,38.9786,-114.4413,7.4,7.4,7.4,70,70.0,2011,4,14
231,2011-04-29,2011-04-29,1,1,38.9812,-119.8992,14.1,14.1,14.1,50,50.0,2011,4,29
232,2011-04-12,2011-04-21,10,2,39.0841,-122.0152,8.7,7.1,14.2,56,55.5,2011,4,21
233,2011-04-11,2011-04-11,1,1,39.1171,-121.4939,7.7,7.7,7.7,70,70.0,2011,4,11
234,2011-04-06,2011-04-26,21,10,39.2512,-122.1928,96.5,32.87,328.7,88,73.7,2011,4,21
235,2011-04-10,2011-04-12,3,6,39.1941,-121.7234,51.8,37.983333333333334,227.9,85,68.66666666666667,2011,4,12
236,2011-04-21,2011-04-21,1,1,39.194,-122.0885,7.8,7.8,7.8,61,61.0,2011,4,21
237,2011-04-12,2011-04-16,5,2,39.2689,-121.7529,16.4,10.6,21.2,54,53.0,2011,4,16
238,2011-04-06,2011-04-26,21,10,39.2933,-122.2096,169.6,40.440000000000005,404.40000000000003,100,82.3,2011,4,6
239,2011-04-08,2011-04-08,1,1,39.3018,-121.506,18.2,18.2,18.2,79,79.0,2011,4,8
240,2011-04-03,2011-04-20,18,11,39.3824,-121.9562,55.0,22.036363636363635,242.4,95,68.36363636363636,2011,4,10
241,2011-04-01,2011-04-11,11,4,39.4225,-121.665,28.3,17.325,69.3,85,77.75,2011,4,11
242,2011-04-11,2011-04-25,15,4,39.3588,-121.8283,117.7,63.675,254.7,82,74.25,2011,4,11
243,2011-04-04,2011-04-11,8,4,39.4323,-122.224,35.1,19.724999999999998,78.89999999999999,86,70.25,2011,4,8
244,2011-04-06,2011-04-06,1,1,39.4125,-122.0293,11.3,11.3,11.3,77,77.0,2011,4,6
245,2011-04-03,2011-04-03,1,1,39.4404,-118.8682,9.3,9.3,9.3,54,54.0,2011,4,3
246,2011-04-12,2011-04-21,10,5,39.4625,-121.7234,31.2,18.32,91.6,89,80.0,2011,4,12
247,2011-04-04,2011-04-26,23,12,39.5861,-122.1253,91.7,26.974999999999998,323.7,98,76.08333333333333,2011,4,11
248,2011-04-07,2011-04-26,20,3,39.5288,-121.9231,39.9,27.799999999999997,83.39999999999999,92,84.0,2011,4,26
249,2011-04-06,2011-04-21,16,5,39.5625,-122.0233,35.8,17.46,87.30000000000001,88,75.6,2011,4,21
250,2011-04-12,2011-04-13,2,2,39.608,-122.283,27.0,16.1,32.2,86,70.5,2011,4,12
251,2011-04-02,2011-04-02,1,1,39.7133,-123.1993,13.2,13.2,13.2,71,71.0,2011,4,2
252,2011-04-26,2011-04-26,1,1,39.7831,-122.0085,5.7,5.7,5.7,59,59.0,2011,4,26
253,2011-04-06,2011-04-06,1,1,39.7856,-121.5084,3.9,3.9,3.9,60,60.0,2011,4,6
254,2011-04-06,2011-04-14,9,7,39.8812,-121.6159,108.4,79.34285714285714,555.4,100,82.28571428571429,2011,4,6
255,2011-04-26,2011-04-26,1,1,39.9781,-120.8573,13.2,13.2,13.2,69,69.0,2011,4,26
256,2011-04-01,2011-04-01,1,1,40.1041,-122.4077,11.6,11.6,11.6,76,76.0,2011,4,1
257,2011-04-03,2011-04-27,25,2,40.1856,-122.7869,27.5,17.7,35.4,64,63.5,2011,4,3
258,2011-04-04,2011-04-04,1,4,40.7118,-122.7786,36.3,26.674999999999997,106.69999999999999,90,84.0,2011,4,4
259,2011-04-22,2011-04-30,9,4,41.8091,-121.5347,68.8,38.824999999999996,155.29999999999998,76,69.0,2011,4,30
260,2011-04-26,2011-04-30,5,6,41.9155,-121.3971,165.8,66.83333333333333,401.0,100,79.33333333333333,2011,4,26
261,2011-04-19,2011-04-27,9,3,41.9599,-121.493,46.8,28.899999999999995,86.69999999999999,90,82.0,2011,4,27
262,2011-05-24,2011-05-24,1,1,32.6665,-114.2529,57.6,57.6,57.6,75,75.0,2011,5,24
263,2011-05-19,2011-05-19,1,1,32.7094,-115.3925,104.8,104.8,104.8,75,75.0,2011,5,19
264,2011-05-26,2011-05-26,1,2,32.8027,-115.6022,13.6,10.65,21.3,86,78.5,2011,5,26
265,2011-05-19,2011-05-19,1,11,32.8278,-114.5056,246.7,91.99090909090908,1011.9,100,92.9090909090909,2011,5,19
266,2011-05-21,2011-05-21,1,2,33.0869,-115.4937,304.2,236.1,472.2,100,90.5,2011,5,21
267,2011-05-02,2011-05-03,2,3,33.3538,-117.4136,15.1,14.033333333333331,42.099999999999994,75,66.0,2011,5,3
268,2011-05-14,2011-05-14,1,1,33.577,-116.1861,16.4,16.4,16.4,57,57.0,2011,5,14
269,2011-05-26,2011-05-26,1,2,33.7617,-116.1796,80.4,49.650000000000006,99.30000000000001,83,75.5,2011,5,26
270,2011-05-03,2011-05-16,14,4,34.0965,-117.3842,6.5,4.925000000000001,19.700000000000003,66,60.0,2011,5,7
271,2011-05-15,2011-05-30,16,8,34.1786,-119.0901,90.3,52.925000000000004,423.40000000000003,95,75.5,2011,5,30
272,2011-05-10,2011-05-10,1,1,34.2972,-118.931,12.8,12.8,12.8,64,64.0,2011,5,10
273,2011-05-01,2011-05-01,1,1,34.9249,-118.2547,14.6,14.6,14.6,73,73.0,2011,5,1
274,2011-05-28,2011-05-28,1,1,35.528,-119.1245,34.4,34.4,34.4,79,79.0,2011,5,28
275,2011-05-27,2011-05-27,1,3,35.6536,-118.3492,355.9,280.1333333333333,840.4,98,93.33333333333333,2011,5,27
276,2011-05-30,2011-05-30,1,1,35.7277,-119.2342,12.4,12.4,12.4,66,66.0,2011,5,30
277,2011-05-25,2011-05-25,1,3,35.7755,-120.8289,69.0,47.96666666666667,143.9,74,59.666666666666664,2011,5,25
278,2011-05-24,2011-05-24,1,1,36.0027,-119.1142,19.1,19.1,19.1,78,78.0,2011,5,24
279,2011-05-05,2011-05-05,1,1,36.0822,-115.1424,16.8,16.8,16.8,74,74.0,2011,5,5
280,2011-05-19,2011-05-19,1,1,36.1189,-121.0053,10.7,10.7,10.7,67,67.0,2011,5,19
281,2011-05-10,2011-05-10,1,1,36.1439,-121.118,17.0,17.0,17.0,60,60.0,2011,5,10
282,2011-05-09,2011-05-09,1,2,36.2212,-119.311,54.0,38.15,76.3,92,86.0,2011,5,9
283,2011-05-13,2011-05-13,1,2,36.4237,-121.2462,110.8,79.4,158.8,100,100.0,2011,5,13
284,2011-05-10,2011-05-30,21,3,36.511,-119.4005,10.8,9.466666666666667,28.400000000000002,72,67.0,2011,5,26
285,2011-05-10,2011-05-26,17,2,36.5209,-119.3233,10.9,9.2,18.4,66,60.0,2011,5,10
286,2011-05-10,2011-05-10,1,1,36.5515,-119.4737,20.6,20.6,20.6,81,81.0,2011,5,10
287,2011-05-10,2011-05-10,1,1,36.58,-119.9167,14.1,14.1,14.1,76,76.0,2011,5,10
288,2011-05-10,2011-05-10,1,1,36.5993,-119.7426,9.4,9.4,9.4,72,72.0,2011,5,10
289,2011-05-07,2011-05-07,1,1,36.683,-120.5193,14.0,14.0,14.0,70,70.0,2011,5,7
290,2011-05-02,2011-05-02,1,4,37.2684,-119.662,65.6,38.25,153.0,88,74.75,2011,5,2
291,2011-05-25,2011-05-25,1,1,37.3196,-118.5405,120.5,120.5,120.5,53,53.0,2011,5,25
292,2011-05-01,2011-05-01,1,1,37.6512,-121.1208,5.7,5.7,5.7,60,60.0,2011,5,1
293,2011-05-12,2011-05-28,17,2,37.8635,-121.1909,14.3,10.05,20.1,74,66.0,2011,5,28
294,2011-05-03,2011-05-03,1,1,38.1576,-121.5654,76.5,76.5,76.5,93,93.0,2011,5,3
295,2011-05-13,2011-05-13,1,1,38.169,-121.334,37.1,37.1,37.1,53,53.0,2011,5,13
296,2011-05-12,2011-05-12,1,1,38.3886,-121.9575,5.8,5.8,5.8,72,72.0,2011,5,12
297,2011-05-21,2011-05-21,1,1,38.4361,-122.8624,6.3,6.3,6.3,55,55.0,2011,5,21
298,2011-05-07,2011-05-07,1,1,38.5332,-121.9928,7.0,7.0,7.0,57,57.0,2011,5,7
299,2011-05-01,2011-05-01,1,1,38.6624,-121.3966,9.6,9.6,9.6,72,72.0,2011,5,1
300,2011-05-02,2011-05-02,1,1,38.7784,-121.5745,31.5,31.5,31.5,74,74.0,2011,5,2
301,2011-05-03,2011-05-03,1,2,38.7976,-121.4106,73.1,49.4,98.8,93,87.0,2011,5,3
302,2011-05-10,2011-05-10,1,1,38.816,-121.6864,19.6,19.6,19.6,82,82.0,2011,5,10
303,2011-05-03,2011-05-04,2,4,38.8458,-121.9326,16.7,13.175,52.7,73,68.5,2011,5,4
304,2011-05-02,2011-05-02,1,5,38.9419,-121.4574,106.9,47.32000000000001,236.60000000000002,91,76.8,2011,5,2
305,2011-05-09,2011-05-09,1,2,39.3336,-122.1638,67.2,53.5,107.0,81,78.0,2011,5,9
306,2011-05-23,2011-05-23,1,1,39.34,-121.7384,24.0,24.0,24.0,82,82.0,2011,5,23
307,2011-05-12,2011-05-12,1,1,39.4529,-120.0991,22.3,22.3,22.3,61,61.0,2011,5,12
308,2011-05-13,2011-05-14,2,9,39.4618,-120.9015,85.3,44.63333333333333,401.7,78,63.333333333333336,2011,5,13
309,2011-05-03,2011-05-03,1,3,39.6083,-120.0082,22.6,18.633333333333333,55.9,78,73.0,2011,5,3
310,2011-05-12,2011-05-12,1,1,39.6888,-122.1537,5.5,5.5,5.5,68,68.0,2011,5,12
311,2011-05-10,2011-05-10,1,4,39.6912,-120.362,18.1,13.275,53.1,79,64.0,2011,5,10
312,2011-05-13,2011-05-13,1,3,39.7102,-123.0773,102.9,45.46666666666667,136.4,100,78.33333333333333,2011,5,13
313,2011-05-02,2011-05-02,1,1,39.8563,-119.3983,11.9,11.9,11.9,65,65.0,2011,5,2
314,2011-05-19,2011-05-19,1,1,40.1078,-122.1913,5.9,5.9,5.9,51,51.0,2011,5,19
315,2011-05-10,2011-05-10,1,1,40.6107,-122.5155,13.1,13.1,13.1,58,58.0,2011,5,10
316,2011-05-03,2011-05-05,3,12,40.8613,-121.2048,199.7,51.10833333333333,613.3,100,78.75,2011,5,3
317,2011-05-12,2011-05-12,1,1,41.6154,-120.3674,27.3,27.3,27.3,60,60.0,2011,5,12
318,2011-05-12,2011-05-12,1,1,41.6832,-123.1405,12.9,12.9,12.9,74,74.0,2011,5,12
319,2011-05-24,2011-05-24,1,1,41.7966,-123.3403,9.7,9.7,9.7,53,53.0,2011,5,24
320,2011-05-01,2011-05-10,10,5,41.8361,-121.5008,21.2,13.62,68.1,82,69.6,2011,5,1
321,2011-05-10,2011-05-10,1,1,41.9078,-121.4538,12.7,12.7,12.7,69,69.0,2011,5,10
322,2011-06-29,2011-06-29,1,1,32.4646,-114.6906,91.1,91.1,91.1,84,84.0,2011,6,29
323,2011-06-30,2011-06-30,1,1,32.562,-114.734,61.4,61.4,61.4,69,69.0,2011,6,30
324,2011-06-24,2011-06-24,1,2,32.5816,-114.5704,95.2,93.1,186.2,86,86.0,2011,6,24
325,2011-06-21,2011-06-21,1,2,32.6113,-116.09,155.7,121.35,242.7,100,99.5,2011,6,21
326,2011-06-09,2011-06-27,19,6,32.677,-115.3689,1601.9,336.45,2018.7,100,98.0,2011,6,25
327,2011-06-17,2011-06-25,9,4,32.728,-114.0184,55.6,36.699999999999996,146.79999999999998,94,68.5,2011,6,25
328,2011-06-18,2011-06-18,1,1,32.7278,-115.7091,322.1,322.1,322.1,100,100.0,2011,6,18
329,2011-06-04,2011-06-27,24,4,32.7489,-115.4751,298.6,164.425,657.7,92,80.25,2011,6,27
330,2011-06-21,2011-06-21,1,4,32.7933,-114.5402,128.1,78.87499999999999,315.49999999999994,100,99.25,2011,6,21
331,2011-06-24,2011-06-24,1,2,32.8982,-115.6065,553.7,314.05,628.1,100,91.5,2011,6,24
332,2011-06-15,2011-06-15,1,2,32.9544,-116.5729,91.4,76.7,153.4,81,71.0,2011,6,15
333,2011-06-04,2011-06-30,27,3,33.0721,-115.656,28.2,24.166666666666668,72.5,82,70.66666666666667,2011,6,4
334,2011-06-08,2011-06-30,23,2,33.0689,-115.399,99.2,75.35,150.7,87,72.5,2011,6,8
335,2011-06-03,2011-06-03,1,2,33.4467,-117.4228,142.8,123.7,247.4,81,78.0,2011,6,3
336,2011-06-24,2011-06-24,1,2,33.4555,-116.9619,257.3,238.55,477.1,98,97.0,2011,6,24
337,2011-06-22,2011-06-22,1,1,33.5332,-116.6429,62.0,62.0,62.0,90,90.0,2011,6,22
338,2011-06-03,2011-06-03,1,1,33.5582,-117.0323,11.8,11.8,11.8,72,72.0,2011,6,3
339,2011-06-02,2011-06-02,1,2,33.7453,-117.5224,103.0,96.75,193.5,100,100.0,2011,6,2
340,2011-06-19,2011-06-19,1,2,33.9314,-116.6742,18.7,14.25,28.5,75,64.0,2011,6,19
341,2011-06-07,2011-06-07,1,2,34.0101,-114.3769,362.1,265.95000000000005,531.9000000000001,100,96.5,2011,6,7
342,2011-06-17,2011-06-17,1,2,34.0949,-117.3923,5.7,5.4,10.8,74,72.5,2011,6,17
343,2011-06-27,2011-06-27,1,1,34.1805,-119.0846,48.0,48.0,48.0,69,69.0,2011,6,27
344,2011-06-23,2011-06-23,1,1,34.4779,-118.2455,28.9,28.9,28.9,52,52.0,2011,6,23
345,2011-06-30,2011-06-30,1,2,34.746,-120.2164,33.0,26.65,53.3,81,76.5,2011,6,30
346,2011-06-27,2011-06-27,1,2,34.8293,-118.4359,164.2,109.19999999999999,218.39999999999998,93,85.0,2011,6,27
347,2011-06-02,2011-06-02,1,1,34.931999999999995,-120.49,40.9,40.9,40.9,65,65.0,2011,6,2
348,2011-06-14,2011-06-14,1,1,34.9679,-118.9328,44.2,44.2,44.2,54,54.0,2011,6,14
349,2011-06-19,2011-06-19,1,14,35.4561,-119.9037,622.9,266.15,3726.1,100,92.42857142857143,2011,6,19
350,2011-06-21,2011-06-27,7,4,35.7438,-118.8826,211.2,93.64999999999999,374.59999999999997,100,85.75,2011,6,21
351,2011-06-02,2011-06-13,12,14,35.8102,-120.8291,146.6,62.864285714285714,880.1,96,70.85714285714286,2011,6,2
352,2011-06-20,2011-06-29,10,3,35.8616,-121.1385,27.4,24.53333333333333,73.6,73,65.0,2011,6,29
353,2011-06-01,2011-06-01,1,2,35.9828,-121.2976,23.0,17.65,35.3,78,69.0,2011,6,1
354,2011-06-06,2011-06-06,1,1,36.0508,-120.0476,24.1,24.1,24.1,83,83.0,2011,6,6
355,2011-06-22,2011-06-22,1,1,36.5787,-121.7662,15.3,15.3,15.3,59,59.0,2011,6,22
356,2011-06-25,2011-06-25,1,3,36.7804,-118.6209,40.9,27.333333333333332,82.0,86,72.33333333333333,2011,6,25
357,2011-06-07,2011-06-07,1,1,36.8265,-120.3167,12.5,12.5,12.5,52,52.0,2011,6,7
358,2011-06-18,2011-06-18,1,1,37.2648,-120.6014,21.7,21.7,21.7,55,55.0,2011,6,18
359,2011-06-20,2011-06-20,1,1,37.5137,-120.933,12.5,12.5,12.5,65,65.0,2011,6,20
360,2011-06-02,2011-06-02,1,1,37.5979,-120.9821,6.7,6.7,6.7,55,55.0,2011,6,2
361,2011-06-27,2011-06-27,1,1,37.5986,-121.3657,16.9,16.9,16.9,79,79.0,2011,6,27
362,2011-06-09,2011-06-13,5,9,37.6581,-121.5426,81.0,39.266666666666666,353.4,100,84.55555555555556,2011,6,9
363,2011-06-25,2011-06-27,3,14,37.8506,-119.7947,159.5,61.41428571428572,859.8000000000001,100,72.07142857142857,2011,6,26
364,2011-06-13,2011-06-13,1,1,38.1243,-121.2447,7.3,7.3,7.3,56,56.0,2011,6,13
365,2011-06-23,2011-06-23,1,2,38.2206,-119.9838,34.9,27.7,55.4,77,65.0,2011,6,23
366,2011-06-30,2011-06-30,1,1,38.2387,-121.39,28.6,28.6,28.6,82,82.0,2011,6,30
367,2011-06-09,2011-06-15,7,3,38.271,-122.4683,8.2,6.733333333333333,20.2,68,58.333333333333336,2011,6,15
368,2011-06-13,2011-06-13,1,1,38.304,-121.1963,26.4,26.4,26.4,76,76.0,2011,6,13
369,2011-06-20,2011-06-20,1,1,38.3898,-121.9578,6.3,6.3,6.3,71,71.0,2011,6,20
370,2011-06-17,2011-06-17,1,1,38.4726,-120.4724,35.4,35.4,35.4,82,82.0,2011,6,17
371,2011-06-27,2011-06-27,1,1,38.593,-121.7355,13.8,13.8,13.8,74,74.0,2011,6,27
372,2011-06-21,2011-06-27,7,2,38.9717,-121.8234,36.7,22.650000000000002,45.300000000000004,80,67.0,2011,6,21
373,2011-06-22,2011-06-22,1,1,38.9707,-119.9003,23.8,23.8,23.8,76,76.0,2011,6,22
374,2011-06-09,2011-06-13,5,6,39.1501,-123.197,19.4,16.23333333333333,97.39999999999999,81,68.0,2011,6,13
375,2011-06-23,2011-06-23,1,2,39.1921,-121.9263,54.1,36.1,72.2,94,86.5,2011,6,23
376,2011-06-22,2011-06-22,1,1,39.2153,-122.1198,38.4,38.4,38.4,61,61.0,2011,6,22
377,2011-06-23,2011-06-23,1,2,39.3913,-121.9874,58.4,52.45,104.9,75,71.5,2011,6,23
378,2011-06-23,2011-06-23,1,1,40.0767,-122.4001,38.6,38.6,38.6,70,70.0,2011,6,23
379,2011-06-24,2011-06-24,1,4,40.2162,-117.5216,249.4,155.65,622.6,100,97.0,2011,6,24
380,2011-06-15,2011-06-16,2,4,40.7457,-120.8231,58.1,22.525,90.1,94,69.5,2011,6,16
381,2011-06-13,2011-06-14,2,4,41.5621,-121.0267,72.9,34.85,139.4,92,75.25,2011,6,13
382,2011-06-09,2011-06-09,1,11,41.6504,-121.4346,171.1,64.16363636363636,705.8,100,86.9090909090909,2011,6,9
383,2011-07-13,2011-07-13,1,1,32.5533,-116.8492,17.8,17.8,17.8,54,54.0,2011,7,13
384,2011-07-06,2011-07-21,16,9,32.6894,-115.3714,253.0,94.02222222222223,846.2,100,84.11111111111111,2011,7,8
385,2011-07-13,2011-07-13,1,2,32.7757,-115.3531,97.6,93.0,186.0,68,64.5,2011,7,13
386,2011-07-02,2011-07-02,1,1,32.7974,-115.7354,238.1,238.1,238.1,100,100.0,2011,7,2
387,2011-07-26,2011-07-26,1,1,32.8005,-114.5632,121.2,121.2,121.2,97,97.0,2011,7,26
388,2011-07-08,2011-07-13,6,3,32.8695,-115.3439,48.1,36.86666666666667,110.60000000000001,87,74.66666666666667,2011,7,8
389,2011-07-06,2011-07-06,1,1,33.0763,-115.7363,11.5,11.5,11.5,87,87.0,2011,7,6
390,2011-07-23,2011-07-23,1,2,33.2743,-117.4188,120.0,79.45,158.9,64,63.5,2011,7,23
391,2011-07-22,2011-07-26,5,73,33.3085,-116.4911,735.3,87.54109589041096,6390.5,100,86.16438356164383,2011,7,22
392,2011-07-17,2011-07-17,1,2,33.3843,-117.4662,53.3,39.7,79.4,85,75.0,2011,7,17
393,2011-07-21,2011-07-21,1,2,33.5591,-116.727,170.2,158.95,317.9,58,54.0,2011,7,21
394,2011-07-21,2011-07-21,1,1,33.5901,-114.6701,26.7,26.7,26.7,83,83.0,2011,7,21
395,2011-07-06,2011-07-06,1,1,33.7199,-116.1759,8.8,8.8,8.8,79,79.0,2011,7,6
396,2011-07-25,2011-07-25,1,1,33.7806,-118.094,16.0,16.0,16.0,56,56.0,2011,7,25
397,2011-07-20,2011-07-20,1,1,33.9898,-117.1665,42.8,42.8,42.8,93,93.0,2011,7,20
398,2011-07-09,2011-07-09,1,1,34.0904,-116.4402,15.0,15.0,15.0,51,51.0,2011,7,9
399,2011-07-03,2011-07-03,1,1,34.0932,-117.384,6.4,6.4,6.4,72,72.0,2011,7,3
400,2011-07-01,2011-07-17,17,4,34.1806,-119.0772,203.0,126.2,504.8,93,75.75,2011,7,17
401,2011-07-15,2011-07-15,1,2,34.2918,-118.8166,37.4,25.549999999999997,51.099999999999994,80,71.0,2011,7,15
402,2011-07-25,2011-07-25,1,1,34.9244,-118.2302,8.2,8.2,8.2,78,78.0,2011,7,25
403,2011-07-31,2011-07-31,1,2,35.2986,-118.1515,36.2,32.05,64.1,91,87.5,2011,7,31
404,2011-07-20,2011-07-20,1,1,35.343,-120.7119,34.3,34.3,34.3,82,82.0,2011,7,20
405,2011-07-19,2011-07-19,1,1,35.8656,-118.3084,12.0,12.0,12.0,50,50.0,2011,7,19
406,2011-07-11,2011-07-29,19,15,35.8805,-121.2121,96.1,40.620000000000005,609.3000000000001,100,78.6,2011,7,16
407,2011-07-26,2011-07-26,1,1,35.9104,-119.1451,15.8,15.8,15.8,69,69.0,2011,7,26
408,2011-07-17,2011-07-21,5,2,35.9427,-121.2865,46.4,33.0,66.0,66,64.0,2011,7,21
409,2011-07-10,2011-07-17,8,2,36.0841,-118.9671,15.5,11.75,23.5,57,54.0,2011,7,10
410,2011-07-25,2011-07-25,1,3,36.1613,-120.962,144.7,114.43333333333332,343.29999999999995,76,71.33333333333333,2011,7,25
411,2011-07-11,2011-07-31,21,253,36.2873,-118.5458,1534.7,131.36521739130436,33235.4,100,85.10671936758894,2011,7,27
412,2011-07-25,2011-07-27,3,18,36.341,-118.5665,175.0,56.577777777777776,1018.4,100,83.5,2011,7,25
413,2011-07-25,2011-07-27,3,5,36.3476,-118.562,45.9,28.22,141.1,100,70.0,2011,7,25
414,2011-07-10,2011-07-12,3,2,36.6865,-118.9188,20.8,19.9,39.8,65,58.5,2011,7,10
415,2011-07-11,2011-07-11,1,1,36.8276,-120.3028,41.0,41.0,41.0,56,56.0,2011,7,11
416,2011-07-13,2011-07-13,1,1,36.9422,-121.4131,17.2,17.2,17.2,67,67.0,2011,7,13
417,2011-07-04,2011-07-06,3,8,37.0639,-116.392,250.7,99.1125,792.9,100,73.625,2011,7,5
418,2011-07-07,2011-07-07,1,1,37.0855,-121.0095,32.4,32.4,32.4,62,62.0,2011,7,7
419,2011-07-04,2011-07-04,1,1,37.1574,-120.3899,11.6,11.6,11.6,72,72.0,2011,7,4
420,2011-07-24,2011-07-30,7,3,37.1923,-119.7544,41.6,28.066666666666666,84.2,78,72.66666666666667,2011,7,24
421,2011-07-13,2011-07-13,1,1,37.3379,-121.6891,30.2,30.2,30.2,78,78.0,2011,7,13
422,2011-07-09,2011-07-23,15,7,37.6894,-121.6289,37.2,19.314285714285713,135.2,82,65.42857142857143,2011,7,22
423,2011-07-10,2011-07-11,2,8,37.8077,-119.8669,101.5,37.912499999999994,303.29999999999995,100,78.125,2011,7,11
424,2011-07-16,2011-07-16,1,2,37.8261,-121.613,16.0,13.2,26.4,64,57.0,2011,7,16
425,2011-07-05,2011-07-11,7,2,37.8928,-121.2654,51.3,28.0,56.0,77,68.5,2011,7,5
426,2011-07-25,2011-07-25,1,1,37.9504,-121.3667,9.3,9.3,9.3,53,53.0,2011,7,25
427,2011-07-25,2011-07-25,1,2,38.1984,-120.6157,73.5,62.25,124.5,96,93.5,2011,7,25
428,2011-07-15,2011-07-18,4,4,38.4919,-121.8818,36.6,24.0,96.0,85,69.75,2011,7,15
429,2011-07-13,2011-07-13,1,1,38.5224,-121.6312,11.9,11.9,11.9,64,64.0,2011,7,13
430,2011-07-16,2011-07-16,1,1,38.7102,-121.8781,28.6,28.6,28.6,80,80.0,2011,7,16
431,2011-07-25,2011-07-25,1,3,38.7307,-119.7674,161.6,85.60000000000001,256.8,100,83.33333333333333,2011,7,25
432,2011-07-07,2011-07-07,1,2,38.817,-122.3233,143.0,129.25,258.5,82,80.0,2011,7,7
433,2011-07-07,2011-07-07,1,1,38.8592,-121.5843,15.3,15.3,15.3,61,61.0,2011,7,7
434,2011-07-11,2011-07-11,1,1,38.8597,-121.7366,9.4,9.4,9.4,57,57.0,2011,7,11
435,2011-07-09,2011-07-09,1,2,38.9675,-123.1248,19.0,14.8,29.6,80,70.5,2011,7,9
436,2011-07-22,2011-07-27,6,3,39.0728,-121.8529,22.2,18.433333333333334,55.3,66,63.666666666666664,2011,7,22
437,2011-07-18,2011-07-18,1,2,39.0437,-121.964,40.2,28.200000000000003,56.400000000000006,90,81.5,2011,7,18
438,2011-07-09,2011-07-11,3,3,39.145,-121.9253,47.9,37.699999999999996,113.1,74,69.0,2011,7,9
439,2011-07-10,2011-07-10,1,5,39.2183,-121.3079,145.7,77.88,389.4,88,69.6,2011,7,10
440,2011-07-18,2011-07-18,1,1,39.2952,-122.0104,11.3,11.3,11.3,58,58.0,2011,7,18
441,2011-07-15,2011-07-15,1,1,39.382,-117.6358,60.5,60.5,60.5,85,85.0,2011,7,15
442,2011-07-18,2011-07-18,1,2,39.4345,-121.9364,114.9,110.6,221.2,87,86.5,2011,7,18
443,2011-07-12,2011-07-12,1,1,39.5769,-118.4939,46.3,46.3,46.3,78,78.0,2011,7,12
444,2011-07-23,2011-07-23,1,1,39.638000000000005,-122.0515,43.5,43.5,43.5,83,83.0,2011,7,23
445,2011-07-11,2011-07-11,1,1,39.6864,-121.8916,18.1,18.1,18.1,80,80.0,2011,7,11
446,2011-07-02,2011-07-30,29,18,39.7513,-119.2808,146.3,65.05555555555556,1171.0,100,83.44444444444444,2011,7,30
447,2011-07-30,2011-07-30,1,1,39.7575,-119.3109,24.7,24.7,24.7,74,74.0,2011,7,30
448,2011-07-30,2011-07-31,2,12,39.9363,-119.8763,1321.7,493.31666666666666,5919.8,100,90.33333333333333,2011,7,30
449,2011-07-04,2011-07-04,1,1,40.1001,-122.1912,12.8,12.8,12.8,50,50.0,2011,7,4
450,2011-07-07,2011-07-07,1,1,40.2688,-121.8727,4.7,4.7,4.7,53,53.0,2011,7,7
451,2011-07-26,2011-07-26,1,1,40.5668,-118.2752,115.2,115.2,115.2,71,71.0,2011,7,26
452,2011-07-11,2011-07-11,1,1,40.569,-120.9438,10.9,10.9,10.9,62,62.0,2011,7,11
453,2011-07-14,2011-07-14,1,1,40.6013,-121.0779,16.5,16.5,16.5,59,59.0,2011,7,14
454,2011-07-29,2011-07-29,1,1,40.7363,-115.5347,51.2,51.2,51.2,94,94.0,2011,7,29
455,2011-07-15,2011-07-15,1,2,41.0459,-123.6775,12.4,11.8,23.6,69,64.5,2011,7,15
456,2011-07-19,2011-07-19,1,2,41.1623,-116.9482,38.8,37.05,74.1,69,66.5,2011,7,19
457,2011-07-19,2011-07-19,1,1,41.1922,-114.0255,43.3,43.3,43.3,98,98.0,2011,7,19
458,2011-07-30,2011-07-30,1,7,41.5648,-117.4454,102.8,56.300000000000004,394.1,97,86.42857142857143,2011,7,30
459,2011-08-08,2011-08-12,5,2,32.5957,-114.7686,44.1,32.6,65.2,91,77.0,2011,8,8
460,2011-08-23,2011-08-23,1,1,32.668,-115.3301,25.6,25.6,25.6,84,84.0,2011,8,23
461,2011-08-23,2011-08-26,4,4,32.7778,-114.5655,33.7,19.525,78.1,91,85.75,2011,8,25
462,2011-08-02,2011-08-02,1,1,32.8323,-115.4054,34.7,34.7,34.7,50,50.0,2011,8,2
463,2011-08-02,2011-08-02,1,1,32.8781,-115.6525,45.3,45.3,45.3,76,76.0,2011,8,2
464,2011-08-07,2011-08-07,1,1,32.9484,-116.8457,25.7,25.7,25.7,78,78.0,2011,8,7
465,2011-08-16,2011-08-16,1,2,33.1064,-115.7965,46.8,33.45,66.9,93,73.5,2011,8,16
466,2011-08-29,2011-08-31,3,55,33.265,-114.7217,2314.5,164.26363636363632,9034.499999999998,100,92.01818181818182,2011,8,29
467,2011-08-29,2011-08-29,1,2,33.3771,-117.0727,189.2,129.75,259.5,100,100.0,2011,8,29
468,2011-08-01,2011-08-01,1,1,33.3976,-117.4529,35.2,35.2,35.2,70,70.0,2011,8,1
469,2011-08-31,2011-08-31,1,1,33.5692,-116.0308,12.0,12.0,12.0,57,57.0,2011,8,31
470,2011-08-25,2011-08-25,1,1,33.6572,-116.936,26.0,26.0,26.0,70,70.0,2011,8,25
471,2011-08-22,2011-08-22,1,2,33.7973,-117.2779,67.5,64.4,128.8,80,80.0,2011,8,22
472,2011-08-07,2011-08-07,1,1,33.9228,-116.7187,48.7,48.7,48.7,96,96.0,2011,8,7
473,2011-08-07,2011-08-07,1,1,33.9233,-117.0797,17.1,17.1,17.1,75,75.0,2011,8,7
474,2011-08-04,2011-08-14,11,3,34.0985,-117.5279,7.3,6.366666666666667,19.1,61,56.333333333333336,2011,8,14
475,2011-08-28,2011-08-28,1,2,34.0911,-117.1139,27.8,20.7,41.4,85,69.5,2011,8,28
476,2011-08-07,2011-08-07,1,1,34.093,-117.3874,6.7,6.7,6.7,64,64.0,2011,8,7
477,2011-08-22,2011-08-22,1,5,34.2407,-117.4391,587.4,306.36,1531.8,100,83.2,2011,8,22
478,2011-08-15,2011-08-15,1,1,35.2164,-119.6579,31.5,31.5,31.5,70,70.0,2011,8,15
479,2011-08-13,2011-08-19,7,3,35.2679,-118.9081,16.3,12.633333333333335,37.900000000000006,74,67.66666666666667,2011,8,13
480,2011-08-28,2011-08-28,1,10,35.3436,-115.7777,129.3,66.47,664.7,100,81.2,2011,8,28
481,2011-08-21,2011-08-21,1,2,35.7233,-119.2316,40.5,34.75,69.5,90,87.0,2011,8,21
482,2011-08-01,2011-08-01,1,4,35.9052,-121.1802,79.2,63.525,254.1,98,95.25,2011,8,1
483,2011-08-27,2011-08-27,1,1,35.9435,-120.8306,11.2,11.2,11.2,68,68.0,2011,8,27
484,2011-08-26,2011-08-26,1,3,35.9589,-121.3095,286.6,125.76666666666667,377.3,100,90.66666666666667,2011,8,26
485,2011-08-27,2011-08-27,1,1,36.0128,-121.1015,91.9,91.9,91.9,59,59.0,2011,8,27
486,2011-08-02,2011-08-02,1,1,36.0472,-119.4912,79.7,79.7,79.7,100,100.0,2011,8,2
487,2011-08-02,2011-08-23,22,60,36.2556,-118.5128,443.6,67.64,4058.3999999999996,100,79.7,2011,8,5
488,2011-08-21,2011-08-21,1,1,36.3244,-118.594,85.5,85.5,85.5,100,100.0,2011,8,21
489,2011-08-05,2011-08-31,27,2,36.6768,-119.4171,31.2,30.1,60.2,71,67.5,2011,8,5
490,2011-08-05,2011-08-05,1,1,36.9473,-119.3503,8.4,8.4,8.4,56,56.0,2011,8,5
491,2011-08-28,2011-08-29,2,5,37.1111,-116.4047,77.4,52.540000000000006,262.70000000000005,97,79.6,2011,8,28
492,2011-08-25,2011-08-25,1,1,37.11,-120.4819,10.8,10.8,10.8,55,55.0,2011,8,25
493,2011-08-30,2011-08-31,2,9,37.2378,-114.5732,62.7,25.5,229.5,98,79.88888888888889,2011,8,31
494,2011-08-26,2011-08-26,1,2,37.3636,-114.7447,32.1,22.1,44.2,100,86.5,2011,8,26
495,2011-08-20,2011-08-20,1,1,37.5491,-120.8928,15.5,15.5,15.5,71,71.0,2011,8,20
496,2011-08-25,2011-08-28,4,26,37.647,-119.8666,1629.0,129.59230769230768,3369.4,100,83.15384615384616,2011,8,25
497,2011-08-09,2011-08-15,7,12,37.6619,-119.6849,25.6,16.025000000000002,192.3,100,78.25,2011,8,9
498,2011-08-23,2011-08-23,1,2,37.6688,-121.6188,39.9,35.05,70.1,89,87.5,2011,8,23
499,2011-08-15,2011-08-15,1,2,37.7455,-121.8919,31.6,30.55,61.1,69,68.5,2011,8,15
500,2011-08-02,2011-08-02,1,2,37.8545,-121.7826,28.0,25.8,51.6,86,85.0,2011,8,2
501,2011-08-21,2011-08-21,1,1,37.8729,-120.4804,25.5,25.5,25.5,88,88.0,2011,8,21
502,2011-08-02,2011-08-02,1,2,38.0668,-121.1868,23.9,16.75,33.5,82,69.5,2011,8,2
503,2011-08-01,2011-08-01,1,1,38.2233,-121.6034,11.6,11.6,11.6,55,55.0,2011,8,1
504,2011-08-28,2011-08-28,1,3,38.3126,-121.9811,30.5,18.2,54.6,100,79.33333333333333,2011,8,28
505,2011-08-20,2011-08-20,1,1,38.6469,-121.9972,14.5,14.5,14.5,68,68.0,2011,8,20
506,2011-08-02,2011-08-02,1,1,38.6641,-122.7943,19.2,19.2,19.2,64,64.0,2011,8,2
507,2011-08-14,2011-08-14,1,4,38.7327,-122.2911,20.1,17.975,71.9,76,73.25,2011,8,14
508,2011-08-17,2011-08-18,2,40,38.8455,-119.6045,933.0,194.70749999999998,7788.299999999999,100,95.075,2011,8,17
509,2011-08-31,2011-08-31,1,1,38.8466,-121.7492,44.9,44.9,44.9,76,76.0,2011,8,31
510,2011-08-24,2011-08-25,2,3,39.1132,-121.584,43.5,31.433333333333337,94.30000000000001,88,78.66666666666667,2011,8,25
511,2011-08-01,2011-08-01,1,1,39.0715,-121.9209,69.3,69.3,69.3,95,95.0,2011,8,1
512,2011-08-25,2011-08-25,1,1,39.091,-119.1026,48.0,48.0,48.0,92,92.0,2011,8,25
513,2011-08-18,2011-08-18,1,1,39.1378,-121.3979,46.3,46.3,46.3,74,74.0,2011,8,18
514,2011-08-26,2011-08-26,1,2,39.1711,-121.9659,78.3,50.349999999999994,100.69999999999999,99,80.0,2011,8,26
515,2011-08-11,2011-08-11,1,1,39.1743,-119.6967,39.2,39.2,39.2,57,57.0,2011,8,11
516,2011-08-16,2011-08-23,8,3,39.1976,-121.6677,27.3,19.599999999999998,58.8,80,69.66666666666667,2011,8,23
517,2011-08-31,2011-08-31,1,2,39.3306,-121.8262,59.6,50.5,101.0,70,64.0,2011,8,31
518,2011-08-22,2011-08-22,1,1,39.331,-122.2438,40.7,40.7,40.7,53,53.0,2011,8,22
519,2011-08-09,2011-08-17,9,3,39.337,-122.0039,58.6,37.06666666666666,111.19999999999999,77,71.66666666666667,2011,8,9
520,2011-08-19,2011-08-19,1,2,39.5645,-122.2281,28.6,21.65,43.3,83,70.0,2011,8,19
521,2011-08-05,2011-08-16,12,7,39.6174,-119.898,63.6,30.942857142857143,216.6,100,89.42857142857143,2011,8,5
522,2011-08-12,2011-08-30,19,5,39.6138,-121.9611,240.6,119.5,597.5,94,87.4,2011,8,30
523,2011-08-23,2011-08-23,1,1,39.7302,-122.0613,9.3,9.3,9.3,52,52.0,2011,8,23
524,2011-08-26,2011-08-26,1,1,39.7369,-121.5209,9.9,9.9,9.9,52,52.0,2011,8,26
525,2011-08-03,2011-08-03,1,5,39.8327,-123.0803,111.5,59.94,299.7,100,86.2,2011,8,3
526,2011-08-25,2011-08-25,1,3,39.9907,-119.4643,15.1,14.299999999999999,42.9,58,56.666666666666664,2011,8,25
527,2011-08-14,2011-08-14,1,1,40.0564,-114.3998,7.2,7.2,7.2,64,64.0,2011,8,14
528,2011-08-07,2011-08-07,1,10,40.5486,-118.5639,64.3,25.52,255.2,100,90.1,2011,8,7
529,2011-08-17,2011-08-17,1,2,40.5136,-122.5189,10.3,10.100000000000001,20.200000000000003,71,70.5,2011,8,17
530,2011-08-29,2011-08-29,1,1,40.6496,-122.37,30.0,30.0,30.0,59,59.0,2011,8,29
531,2011-08-26,2011-08-26,1,4,40.7732,-119.6689,101.9,60.15,240.6,80,75.25,2011,8,26
532,2011-08-04,2011-08-04,1,2,40.8281,-116.0057,80.0,52.2,104.4,91,80.5,2011,8,4
533,2011-08-07,2011-08-07,1,2,41.2022,-116.2705,80.5,56.1,112.2,85,69.0,2011,8,7
534,2011-08-07,2011-08-07,1,16,41.5143,-117.2324,285.2,68.75,1100.0,100,84.625,2011,8,7
535,2011-08-30,2011-08-30,1,1,41.6331,-122.9251,20.6,20.6,20.6,81,81.0,2011,8,30
536,2011-08-15,2011-08-15,1,16,41.6964,-115.0039,477.3,173.1875,2771.0,100,87.75,2011,8,15
537,2011-08-04,2011-08-04,1,5,41.81,-116.4346,112.1,61.879999999999995,309.4,98,84.0,2011,8,4
538,2011-08-18,2011-08-19,2,11,41.9148,-120.1291,929.5,166.33636363636367,1829.7000000000003,100,82.36363636363636,2011,8,18
539,2011-08-25,2011-08-25,1,1,41.9087,-118.5953,41.6,41.6,41.6,86,86.0,2011,8,25
540,2011-08-21,2011-08-21,1,1,41.9933,-114.0993,21.6,21.6,21.6,64,64.0,2011,8,21
541,2011-09-14,2011-09-14,1,1,32.6649,-114.5559,13.7,13.7,13.7,64,64.0,2011,9,14
542,2011-09-26,2011-09-26,1,1,32.7383,-115.3699,37.7,37.7,37.7,83,83.0,2011,9,26
543,2011-09-13,2011-09-13,1,2,32.7448,-114.6587,26.3,21.450000000000003,42.900000000000006,100,100.0,2011,9,13
544,2011-09-26,2011-09-26,1,2,32.746,-115.5647,110.3,72.5,145.0,88,78.5,2011,9,26
545,2011-09-21,2011-09-21,1,2,32.7655,-114.415,19.0,18.9,37.8,69,68.0,2011,9,21
546,2011-09-19,2011-09-19,1,2,33.0917,-115.4486,24.7,24.6,49.2,57,55.0,2011,9,19
547,2011-09-07,2011-09-07,1,1,33.305,-118.3201,18.2,18.2,18.2,68,68.0,2011,9,7
548,2011-09-16,2011-09-16,1,1,33.5698,-116.0293,12.4,12.4,12.4,61,61.0,2011,9,16
549,2011-09-06,2011-09-06,1,1,33.7364,-117.2865,11.6,11.6,11.6,79,79.0,2011,9,6
550,2011-09-24,2011-09-24,1,1,33.8431,-116.3722,31.5,31.5,31.5,100,100.0,2011,9,24
551,2011-09-25,2011-09-25,1,3,33.8609,-116.5902,37.4,28.8,86.4,99,91.33333333333333,2011,9,25
552,2011-09-02,2011-09-02,1,6,34.353,-117.4503,849.7,307.45,1844.7,100,92.66666666666667,2011,9,2
553,2011-09-01,2011-09-01,1,1,34.378,-118.9218,25.3,25.3,25.3,71,71.0,2011,9,1
554,2011-09-17,2011-09-17,1,8,34.5581,-118.3342,1202.9,428.3,3426.4,100,99.5,2011,9,17
555,2011-09-11,2011-09-11,1,1,34.7936,-118.9251,96.3,96.3,96.3,97,97.0,2011,9,11
556,2011-09-11,2011-09-11,1,1,34.8154,-119.8962,15.2,15.2,15.2,69,69.0,2011,9,11
557,2011-09-03,2011-09-03,1,3,34.8447,-120.0541,343.6,247.10000000000002,741.3000000000001,99,91.33333333333333,2011,9,3
558,2011-09-05,2011-09-06,2,33,35.0389,-118.3815,653.3,155.3939393939394,5128.0,100,91.15151515151516,2011,9,5
559,2011-09-04,2011-09-06,3,9,35.037,-118.4287,550.1,204.97777777777776,1844.8,100,93.22222222222223,2011,9,5
560,2011-09-10,2011-09-11,2,10,35.1,-118.7329,116.9,60.1,601.0,100,85.3,2011,9,10
561,2011-09-11,2011-09-12,2,5,35.1769,-118.7499,101.0,78.06000000000002,390.30000000000007,83,75.8,2011,9,11
562,2011-09-10,2011-09-10,1,1,35.2998,-118.5385,40.6,40.6,40.6,80,80.0,2011,9,10
563,2011-09-11,2011-09-11,1,25,35.3971,-118.6778,199.0,75.88000000000001,1897.0000000000002,100,79.12,2011,9,11
564,2011-09-24,2011-09-24,1,5,35.383,-118.2492,21.6,16.360000000000003,81.80000000000001,100,77.4,2011,9,24
565,2011-09-12,2011-09-12,1,1,35.3792,-118.61,17.6,17.6,17.6,72,72.0,2011,9,12
566,2011-09-30,2011-09-30,1,1,35.4536,-120.6021,20.3,20.3,20.3,57,57.0,2011,9,30
567,2011-09-06,2011-09-06,1,3,35.4908,-119.0656,19.9,13.733333333333334,41.2,82,76.0,2011,9,6
568,2011-09-10,2011-09-10,1,9,35.5573,-118.8754,162.5,74.3111111111111,668.8,100,86.88888888888889,2011,9,10
569,2011-09-24,2011-09-24,1,2,35.775,-119.0074,170.4,122.85,245.7,100,100.0,2011,9,24
570,2011-09-24,2011-09-24,1,5,35.778,-118.8319,82.6,45.2,226.0,100,84.8,2011,9,24
571,2011-09-24,2011-09-24,1,2,35.7896,-118.5753,11.0,10.4,20.8,76,74.0,2011,9,24
572,2011-09-11,2011-09-11,1,1,35.9383,-118.85,16.7,16.7,16.7,73,73.0,2011,9,11
573,2011-09-05,2011-09-05,1,3,35.9524,-118.4908,95.8,66.99999999999999,200.99999999999997,100,69.66666666666667,2011,9,5
574,2011-09-04,2011-09-04,1,3,36.0195,-118.9644,48.6,32.76666666666667,98.30000000000001,93,85.66666666666667,2011,9,4
575,2011-09-04,2011-09-04,1,1,36.3158,-118.5851,167.1,167.1,167.1,100,100.0,2011,9,4
576,2011-09-24,2011-09-24,1,1,36.4839,-119.1368,5.1,5.1,5.1,56,56.0,2011,9,24
577,2011-09-16,2011-09-16,1,1,36.4881,-119.5149,28.1,28.1,28.1,71,71.0,2011,9,16
578,2011-09-02,2011-09-03,2,11,36.6465,-115.1347,1061.6,362.54545454545456,3988.0000000000005,100,91.63636363636364,2011,9,2
579,2011-09-16,2011-09-16,1,1,36.6363,-119.489,19.4,19.4,19.4,63,63.0,2011,9,16
580,2011-09-01,2011-09-01,1,1,36.6585,-120.6169,21.5,21.5,21.5,66,66.0,2011,9,1
581,2011-09-12,2011-09-12,1,1,36.8631,-119.9664,9.2,9.2,9.2,69,69.0,2011,9,12
582,2011-09-09,2011-09-09,1,6,36.9787,-116.3542,112.9,40.45,242.70000000000002,92,76.33333333333333,2011,9,9
583,2011-09-26,2011-09-26,1,1,36.9939,-120.1732,6.9,6.9,6.9,58,58.0,2011,9,26
584,2011-09-26,2011-09-26,1,2,37.0578,-120.4497,66.8,36.85,73.7,97,78.0,2011,9,26
585,2011-09-14,2011-09-14,1,9,37.1467,-118.3013,191.5,103.38888888888889,930.5,100,93.77777777777777,2011,9,14
586,2011-09-25,2011-09-25,1,1,37.1637,-116.2736,26.4,26.4,26.4,73,73.0,2011,9,25
587,2011-09-26,2011-09-26,1,2,37.2091,-120.472,21.3,16.65,33.3,83,78.5,2011,9,26
588,2011-09-06,2011-09-06,1,1,37.2895,-120.722,14.2,14.2,14.2,74,74.0,2011,9,6
589,2011-09-06,2011-09-06,1,1,37.34,-120.8201,15.5,15.5,15.5,76,76.0,2011,9,6
590,2011-09-17,2011-09-17,1,1,37.5924,-120.7156,33.3,33.3,33.3,86,86.0,2011,9,17
591,2011-09-15,2011-09-15,1,1,37.708,-121.1475,16.4,16.4,16.4,74,74.0,2011,9,15
592,2011-09-22,2011-09-30,9,37,37.7779,-119.7372,711.6,100.51621621621622,3719.1000000000004,100,79.75675675675676,2011,9,30
593,2011-09-21,2011-09-21,1,1,37.8153,-121.4981,16.1,16.1,16.1,63,63.0,2011,9,21
594,2011-09-19,2011-09-19,1,1,37.8432,-121.3069,7.4,7.4,7.4,50,50.0,2011,9,19
595,2011-09-01,2011-09-01,1,1,37.8974,-121.0757,13.3,13.3,13.3,63,63.0,2011,9,1
596,2011-09-16,2011-09-16,1,1,38.1542,-121.8044,27.3,27.3,27.3,77,77.0,2011,9,16
597,2011-09-15,2011-09-15,1,1,38.208,-122.1082,9.4,9.4,9.4,54,54.0,2011,9,15
598,2011-09-24,2011-09-24,1,1,38.2352,-119.9678,23.7,23.7,23.7,68,68.0,2011,9,24
599,2011-09-26,2011-09-26,1,1,38.2401,-118.6378,79.5,79.5,79.5,97,97.0,2011,9,26
600,2011-09-06,2011-09-06,1,1,38.2604,-121.7508,18.7,18.7,18.7,55,55.0,2011,9,6
601,2011-09-30,2011-09-30,1,1,38.618,-121.9928,31.1,31.1,31.1,70,70.0,2011,9,30
602,2011-09-30,2011-09-30,1,1,38.7013,-118.9806,9.4,9.4,9.4,68,68.0,2011,9,30
603,2011-09-10,2011-09-10,1,2,38.7241,-119.5509,68.4,55.75,111.5,78,72.0,2011,9,10
604,2011-09-26,2011-09-29,4,13,38.7525,-120.1963,53.1,19.792307692307688,257.29999999999995,97,74.3076923076923,2011,9,27
605,2011-09-17,2011-09-17,1,2,38.77,-121.5301,42.5,27.9,55.8,91,81.0,2011,9,17
606,2011-09-20,2011-09-20,1,1,38.9789,-121.0457,12.0,12.0,12.0,67,67.0,2011,9,20
607,2011-09-19,2011-09-19,1,1,38.982,-122.0356,12.5,12.5,12.5,58,58.0,2011,9,19
608,2011-09-01,2011-09-12,12,5,39.038,-121.9164,29.3,20.259999999999998,101.3,70,59.0,2011,9,1
609,2011-09-22,2011-09-24,3,17,39.0382,-116.426,2159.3,447.4294117647059,7606.3,100,86.70588235294117,2011,9,23
610,2011-09-26,2011-09-27,2,2,39.2049,-122.0676,38.6,33.05,66.1,89,73.0,2011,9,27
611,2011-09-15,2011-09-15,1,1,39.2496,-121.6666,8.5,8.5,8.5,57,57.0,2011,9,15
612,2011-09-29,2011-09-29,1,1,39.3442,-121.9183,33.1,33.1,33.1,88,88.0,2011,9,29
613,2011-09-29,2011-09-29,1,1,39.446,-122.2275,7.6,7.6,7.6,59,59.0,2011,9,29
614,2011-09-29,2011-09-29,1,1,39.4698,-121.8249,49.9,49.9,49.9,93,93.0,2011,9,29
615,2011-09-01,2011-09-30,30,14,39.608,-121.9702,132.1,51.057142857142864,714.8000000000001,100,74.5,2011,9,8
616,2011-09-22,2011-09-29,8,5,39.7255,-114.1575,92.2,49.08,245.4,100,69.2,2011,9,23
617,2011-09-23,2011-09-25,3,7,40.2469,-123.328,298.5,130.31428571428572,912.1999999999999,100,88.85714285714286,2011,9,23
618,2011-09-13,2011-09-13,1,1,40.4414,-118.6146,30.6,30.6,30.6,78,78.0,2011,9,13
619,2011-09-29,2011-09-29,1,3,40.7274,-120.8414,31.0,19.03333333333333,57.099999999999994,86,67.0,2011,9,29
620,2011-09-20,2011-09-20,1,1,40.9177,-121.4736,8.6,8.6,8.6,70,70.0,2011,9,20
621,2011-09-02,2011-09-04,3,19,41.1215,-122.9955,92.3,24.82631578947369,471.7000000000001,100,81.6842105263158,2011,9,4
622,2011-09-24,2011-09-24,1,1,41.1471,-114.8231,13.6,13.6,13.6,74,74.0,2011,9,24
623,2011-09-30,2011-09-30,1,2,41.1745,-123.6176,52.2,51.25,102.5,100,100.0,2011,9,30
624,2011-09-14,2011-09-29,16,5,41.4429,-122.848,82.7,60.160000000000004,300.8,100,90.8,2011,9,29
625,2011-09-06,2011-09-15,10,2,41.5847,-117.8456,53.7,41.6,83.2,94,90.5,2011,9,6
626,2011-09-02,2011-09-02,1,1,41.7905,-122.6628,9.8,9.8,9.8,73,73.0,2011,9,2
627,2011-09-09,2011-09-09,1,2,41.993,-121.35,138.7,124.94999999999999,249.89999999999998,92,81.5,2011,9,9
628,2011-10-11,2011-10-11,1,1,32.4768,-114.6785,96.2,96.2,96.2,100,100.0,2011,10,11
629,2011-10-09,2011-10-09,1,4,32.6255,-114.6198,70.4,53.45,213.8,94,78.0,2011,10,9
630,2011-10-08,2011-10-08,1,1,32.8643,-115.7268,38.9,38.9,38.9,89,89.0,2011,10,8
631,2011-10-01,2011-10-02,2,17,33.0695,-116.5075,1207.2,124.3529411764706,2114.0,100,80.47058823529412,2011,10,1
632,2011-10-27,2011-10-27,1,2,33.2049,-116.4683,37.0,34.7,69.4,83,82.0,2011,10,27
633,2011-10-07,2011-10-07,1,1,33.5132,-116.1377,10.5,10.5,10.5,71,71.0,2011,10,7
634,2011-10-17,2011-10-17,1,3,34.2088,-119.1402,25.2,16.76666666666667,50.300000000000004,79,70.33333333333333,2011,10,17
635,2011-10-07,2011-10-07,1,1,34.3425,-119.1174,6.8,6.8,6.8,64,64.0,2011,10,7
636,2011-10-07,2011-10-07,1,1,34.3798,-118.9251,11.2,11.2,11.2,75,75.0,2011,10,7
637,2011-10-22,2011-10-22,1,3,34.8417,-118.9648,118.9,80.56666666666666,241.7,66,63.0,2011,10,22
638,2011-10-08,2011-10-08,1,1,35.2303,-118.7487,20.1,20.1,20.1,86,86.0,2011,10,8
639,2011-10-10,2011-10-10,1,1,35.6708,-120.906,12.6,12.6,12.6,52,52.0,2011,10,10
640,2011-10-26,2011-10-26,1,1,35.8417,-119.039,22.6,22.6,22.6,81,81.0,2011,10,26
641,2011-10-03,2011-10-03,1,1,36.0135,-121.2438,17.8,17.8,17.8,71,71.0,2011,10,3
642,2011-10-13,2011-10-13,1,1,36.0411,-119.465,15.2,15.2,15.2,59,59.0,2011,10,13
643,2011-10-07,2011-10-07,1,1,36.0819,-119.1138,8.1,8.1,8.1,68,68.0,2011,10,7
644,2011-10-07,2011-10-07,1,2,36.1954,-119.2716,16.1,12.5,25.0,79,74.5,2011,10,7
645,2011-10-01,2011-10-01,1,3,36.317,-118.8491,60.5,45.666666666666664,137.0,94,89.66666666666667,2011,10,1
646,2011-10-01,2011-10-01,1,1,36.4807,-120.052,16.0,16.0,16.0,73,73.0,2011,10,1
647,2011-10-03,2011-10-21,19,3,36.542,-119.5243,21.2,12.5,37.5,81,63.0,2011,10,21
648,2011-10-02,2011-10-03,2,9,36.5483,-118.7557,138.7,57.13333333333334,514.2,93,72.66666666666667,2011,10,2
649,2011-10-25,2011-10-25,1,1,36.5501,-119.1918,20.9,20.9,20.9,75,75.0,2011,10,25
650,2011-10-07,2011-10-28,22,5,36.6561,-119.5468,26.1,16.26,81.30000000000001,84,69.8,2011,10,7
651,2011-10-29,2011-10-29,1,2,36.6878,-121.5405,117.5,80.25,160.5,100,95.5,2011,10,29
652,2011-10-03,2011-10-30,28,9,36.7117,-119.6426,30.1,15.822222222222223,142.4,80,69.77777777777777,2011,10,25
653,2011-10-01,2011-10-01,1,1,36.7349,-118.967,64.0,64.0,64.0,70,70.0,2011,10,1
654,2011-10-29,2011-10-31,3,9,36.7896,-118.6535,178.9,60.800000000000004,547.2,100,82.0,2011,10,30
655,2011-10-07,2011-10-12,6,2,36.8374,-120.3125,15.8,14.8,29.6,77,76.0,2011,10,7
656,2011-10-19,2011-10-31,13,10,36.8725,-119.9674,32.0,17.39,173.9,81,67.0,2011,10,26
657,2011-10-26,2011-10-26,1,1,36.9119,-120.6197,11.5,11.5,11.5,68,68.0,2011,10,26
658,2011-10-21,2011-10-21,1,2,36.971,-120.1411,22.2,14.649999999999999,29.299999999999997,83,73.5,2011,10,21
659,2011-10-28,2011-10-31,4,4,37.0241,-119.234,19.7,14.975,59.9,79,69.5,2011,10,30
660,2011-10-25,2011-10-27,3,6,37.1476,-120.223,23.7,16.8,100.8,78,64.5,2011,10,25
661,2011-10-18,2011-10-18,1,3,37.1912,-121.5411,97.6,80.53333333333335,241.60000000000002,91,88.33333333333333,2011,10,18
662,2011-10-01,2011-10-26,26,3,37.2124,-120.4676,12.9,9.833333333333334,29.5,71,67.33333333333333,2011,10,1
663,2011-10-31,2011-10-31,1,1,37.2179,-119.3727,23.8,23.8,23.8,81,81.0,2011,10,31
664,2011-10-31,2011-10-31,1,1,37.4723,-120.7185,3.2,3.2,3.2,53,53.0,2011,10,31
665,2011-10-26,2011-10-26,1,1,37.4793,-119.5494,11.7,11.7,11.7,58,58.0,2011,10,26
666,2011-10-07,2011-10-07,1,3,37.505,-120.5634,37.4,30.66666666666666,91.99999999999999,81,67.0,2011,10,7
667,2011-10-01,2011-10-02,2,8,37.7852,-119.7284,65.1,38.162499999999994,305.29999999999995,100,80.25,2011,10,1
668,2011-10-20,2011-10-20,1,3,37.7817,-118.9947,192.6,94.96666666666665,284.9,100,81.33333333333333,2011,10,20
669,2011-10-19,2011-10-19,1,7,37.8447,-118.8644,217.9,96.22857142857143,673.6,100,88.57142857142857,2011,10,19
670,2011-10-08,2011-10-08,1,1,37.9192,-121.0124,4.3,4.3,4.3,52,52.0,2011,10,8
671,2011-10-23,2011-10-31,9,11,38.1833,-120.1942,62.6,20.672727272727272,227.4,96,71.81818181818181,2011,10,31
672,2011-10-01,2011-10-01,1,2,38.2298,-119.9507,20.4,17.7,35.4,66,58.5,2011,10,1
673,2011-10-24,2011-10-29,6,2,38.308,-121.563,22.0,13.9,27.8,71,65.5,2011,10,29
674,2011-10-19,2011-10-19,1,2,38.3756,-116.862,305.0,189.1,378.2,100,98.0,2011,10,19
675,2011-10-15,2011-10-31,17,3,38.4479,-121.1714,19.6,10.866666666666667,32.6,84,69.66666666666667,2011,10,15
676,2011-10-31,2011-10-31,1,1,38.448,-121.5594,6.2,6.2,6.2,67,67.0,2011,10,31
677,2011-10-15,2011-10-15,1,1,38.4495,-121.1601,17.2,17.2,17.2,82,82.0,2011,10,15
678,2011-10-24,2011-10-28,5,9,38.5491,-120.3941,124.3,48.455555555555556,436.1,99,82.33333333333333,2011,10,26
679,2011-10-31,2011-10-31,1,1,38.4946,-120.6051,7.5,7.5,7.5,59,59.0,2011,10,31
680,2011-10-23,2011-10-26,4,7,38.5464,-120.376,37.3,21.8,152.6,86,70.71428571428571,2011,10,23
681,2011-10-01,2011-10-31,31,3,38.6253,-121.9971,11.4,8.433333333333335,25.300000000000004,70,62.333333333333336,2011,10,18
682,2011-10-24,2011-10-24,1,1,38.604,-121.651,10.7,10.7,10.7,67,67.0,2011,10,24
683,2011-10-18,2011-10-18,1,1,38.707,-114.0829,10.9,10.9,10.9,72,72.0,2011,10,18
684,2011-10-24,2011-10-24,1,1,38.7222,-121.4993,7.6,7.6,7.6,66,66.0,2011,10,24
685,2011-10-24,2011-10-24,1,2,38.8169,-121.7752,28.9,26.95,53.9,79,79.0,2011,10,24
686,2011-10-01,2011-10-02,2,22,38.8344,-119.4204,498.0,124.25,2733.5,100,91.36363636363636,2011,10,1
687,2011-10-14,2011-10-15,2,5,38.8577,-120.0644,59.6,45.480000000000004,227.4,93,76.2,2011,10,14
688,2011-10-27,2011-10-31,5,3,38.8686,-120.7635,33.4,29.366666666666664,88.1,87,80.33333333333333,2011,10,31
689,2011-10-01,2011-10-01,1,1,38.8931,-121.4485,9.8,9.8,9.8,52,52.0,2011,10,1
690,2011-10-19,2011-10-19,1,1,38.9087,-121.6476,8.7,8.7,8.7,58,58.0,2011,10,19
691,2011-10-19,2011-10-19,1,2,38.93,-120.6135,15.2,12.0,24.0,72,63.0,2011,10,19
692,2011-10-26,2011-10-31,6,3,38.9484,-123.4673,13.8,9.7,29.099999999999998,57,53.0,2011,10,26
693,2011-10-20,2011-10-28,9,5,39.0092,-121.9201,40.7,21.220000000000002,106.10000000000001,86,74.2,2011,10,27
694,2011-10-07,2011-10-31,25,4,39.0114,-122.0283,29.2,12.425,49.7,77,66.75,2011,10,31
695,2011-10-19,2011-10-28,10,3,39.0428,-121.7875,8.4,6.8,20.4,62,58.0,2011,10,19
696,2011-10-12,2011-10-12,1,1,39.0098,-121.6091,4.6,4.6,4.6,58,58.0,2011,10,12
697,2011-10-17,2011-10-21,5,5,39.0368,-121.9883,91.6,45.46,227.3,83,76.4,2011,10,21
698,2011-10-17,2011-10-31,15,6,39.0839,-121.8144,40.3,18.933333333333334,113.60000000000001,90,77.83333333333333,2011,10,29
699,2011-10-31,2011-10-31,1,1,39.0991,-120.5647,8.2,8.2,8.2,50,50.0,2011,10,31
700,2011-10-17,2011-10-31,15,3,39.1106,-121.5249,18.2,10.9,32.7,77,68.66666666666667,2011,10,17
701,2011-10-19,2011-10-31,13,12,39.1421,-122.2026,45.6,23.86666666666667,286.40000000000003,91,78.41666666666667,2011,10,31
702,2011-10-15,2011-10-28,14,8,39.1862,-122.2486,41.3,22.1,176.8,89,76.75,2011,10,28
703,2011-10-13,2011-10-29,17,9,39.2363,-122.0735,73.9,25.922222222222224,233.3,82,68.33333333333333,2011,10,13
704,2011-10-26,2011-10-26,1,1,39.2257,-123.0888,5.7,5.7,5.7,54,54.0,2011,10,26
705,2011-10-14,2011-10-31,18,6,39.3138,-122.143,27.9,16.566666666666666,99.39999999999999,78,69.83333333333333,2011,10,18
706,2011-10-03,2011-10-03,1,2,39.2766,-121.5424,32.6,22.200000000000003,44.400000000000006,87,76.0,2011,10,3
707,2011-10-15,2011-10-30,16,7,39.3504,-121.9497,47.5,25.071428571428573,175.5,84,71.14285714285714,2011,10,30
708,2011-10-31,2011-10-31,1,1,39.3427,-115.917,8.6,8.6,8.6,59,59.0,2011,10,31
709,2011-10-15,2011-10-31,17,4,39.3918,-122.113,28.6,17.175,68.7,82,71.75,2011,10,31
710,2011-10-12,2011-10-12,1,1,39.3538,-122.4646,6.7,6.7,6.7,69,69.0,2011,10,12
711,2011-10-13,2011-10-31,19,9,39.4362,-122.0365,52.4,25.877777777777776,232.89999999999998,86,69.66666666666667,2011,10,14
712,2011-10-15,2011-10-29,15,6,39.5217,-122.2485,66.0,33.75,202.5,89,82.33333333333333,2011,10,18
713,2011-10-20,2011-10-28,9,4,39.4723,-121.8305,7.4,6.3500000000000005,25.400000000000002,69,60.5,2011,10,20
714,2011-10-17,2011-10-29,13,8,39.5116,-122.1434,41.4,20.5375,164.3,86,77.875,2011,10,27
715,2011-10-13,2011-10-18,6,6,39.5111,-120.2101,110.1,60.79999999999999,364.79999999999995,98,77.0,2011,10,13
716,2011-10-01,2011-10-31,31,11,39.5606,-121.9713,162.7,49.527272727272724,544.8,85,72.18181818181819,2011,10,2
717,2011-10-17,2011-10-18,2,3,39.5275,-122.2549,56.8,25.900000000000002,77.7,87,72.0,2011,10,18
718,2011-10-27,2011-10-27,1,1,39.5589,-122.7061,17.1,17.1,17.1,68,68.0,2011,10,27
719,2011-10-08,2011-10-31,24,4,39.6271,-122.1434,190.2,96.825,387.3,100,91.0,2011,10,19
720,2011-10-08,2011-10-19,12,3,39.6228,-122.164,83.8,46.699999999999996,140.1,93,84.33333333333333,2011,10,19
721,2011-10-28,2011-10-28,1,5,39.6922,-120.4936,48.7,28.900000000000006,144.50000000000003,89,76.4,2011,10,28
722,2011-10-30,2011-10-30,1,1,39.7185,-119.982,50.2,50.2,50.2,76,76.0,2011,10,30
723,2011-10-28,2011-10-28,1,2,39.7724,-121.3228,25.6,19.950000000000003,39.900000000000006,84,79.5,2011,10,28
724,2011-10-24,2011-10-24,1,1,39.8116,-120.1416,6.4,6.4,6.4,52,52.0,2011,10,24
725,2011-10-26,2011-10-26,1,1,39.8522,-121.0673,10.8,10.8,10.8,53,53.0,2011,10,26
726,2011-10-27,2011-10-27,1,2,40.0424,-121.6921,25.2,20.05,40.1,74,65.0,2011,10,27
727,2011-10-24,2011-10-24,1,1,40.4544,-123.3534,8.5,8.5,8.5,57,57.0,2011,10,24
728,2011-10-19,2011-10-19,1,1,40.4549,-122.6041,5.5,5.5,5.5,68,68.0,2011,10,19
729,2011-10-24,2011-10-24,1,1,40.5485,-122.4835,5.7,5.7,5.7,64,64.0,2011,10,24
730,2011-10-11,2011-10-27,17,12,40.5728,-122.9997,30.3,18.85,226.20000000000002,80,71.25,2011,10,27
731,2011-10-18,2011-10-18,1,7,40.7059,-121.0315,92.5,57.228571428571435,400.6,86,75.28571428571429,2011,10,18
732,2011-10-12,2011-10-31,20,10,40.7218,-123.3938,43.6,23.64,236.4,89,74.0,2011,10,29
733,2011-10-01,2011-10-04,4,99,40.7931,-116.2803,1817.9,165.61515151515152,16395.9,100,87.86868686868686,2011,10,1
734,2011-10-19,2011-10-19,1,1,40.7255,-120.8313,18.1,18.1,18.1,76,76.0,2011,10,19
735,2011-10-13,2011-10-13,1,1,40.7575,-122.9783,26.7,26.7,26.7,86,86.0,2011,10,13
736,2011-10-14,2011-10-19,6,6,40.7748,-121.3006,51.2,24.166666666666668,145.0,78,63.5,2011,10,18
737,2011-10-01,2011-10-02,2,10,40.8098,-116.2993,489.1,188.76000000000005,1887.6000000000004,100,89.6,2011,10,1
738,2011-10-17,2011-10-17,1,4,40.8055,-123.8065,86.3,38.974999999999994,155.89999999999998,94,82.75,2011,10,17
739,2011-10-01,2011-10-03,3,38,40.8639,-116.3018,540.3,169.88157894736844,6455.500000000001,100,88.39473684210526,2011,10,1
740,2011-10-24,2011-10-24,1,1,40.8617,-121.2223,23.4,23.4,23.4,83,83.0,2011,10,24
741,2011-10-01,2011-10-03,3,103,40.955,-116.2319,1141.4,162.54466019417478,16742.100000000002,100,90.00970873786407,2011,10,3
742,2011-10-29,2011-10-29,1,2,40.9465,-120.5433,95.5,79.9,159.8,97,94.5,2011,10,29
743,2011-10-02,2011-10-03,2,63,41.0483,-116.2339,1474.7,219.34603174603183,13818.800000000005,100,86.7936507936508,2011,10,2
744,2011-10-03,2011-10-03,1,56,41.065,-116.2943,777.2,130.40535714285713,7302.7,100,92.48214285714286,2011,10,3
745,2011-10-01,2011-10-01,1,18,41.0804,-117.368,554.7,59.89444444444444,1078.1,100,79.27777777777777,2011,10,1
746,2011-10-14,2011-10-14,1,2,41.0349,-121.3349,24.3,21.55,43.1,60,58.0,2011,10,14
747,2011-10-02,2011-10-03,2,35,41.0614,-116.1722,1062.2,267.22857142857146,9353.0,100,90.25714285714285,2011,10,2
748,2011-10-01,2011-10-01,1,36,41.0888,-116.8448,411.7,69.43611111111109,2499.6999999999994,100,86.5,2011,10,1
749,2011-10-03,2011-10-03,1,70,41.1375,-116.3182,2231.2,366.73428571428576,25671.4,100,96.55714285714286,2011,10,3
750,2011-10-01,2011-10-02,2,31,41.1388,-116.8115,1371.2,342.8645161290323,10628.800000000003,100,89.90322580645162,2011,10,1
751,2011-10-01,2011-10-01,1,3,41.0931,-117.3657,220.3,113.5,340.5,100,86.33333333333333,2011,10,1
752,2011-10-01,2011-10-02,2,33,41.1592,-117.7706,1697.9,167.5151515151515,5528.0,100,91.42424242424242,2011,10,1
753,2011-10-03,2011-10-04,2,17,41.1826,-116.3136,1625.2,369.8235294117647,6287.0,100,93.88235294117646,2011,10,3
754,2011-10-04,2011-10-04,1,2,41.1514,-116.1583,24.4,24.049999999999997,48.099999999999994,66,65.5,2011,10,4
755,2011-10-20,2011-10-26,7,5,41.1668,-123.59,64.7,29.620000000000005,148.10000000000002,89,74.4,2011,10,26
756,2011-10-02,2011-10-02,1,1,41.1864,-116.7816,118.3,118.3,118.3,67,67.0,2011,10,2
757,2011-10-13,2011-10-13,1,1,41.1953,-122.1048,16.2,16.2,16.2,77,77.0,2011,10,13
758,2011-10-31,2011-10-31,1,1,41.2731,-123.1271,8.6,8.6,8.6,61,61.0,2011,10,31
759,2011-10-01,2011-10-02,2,9,41.3402,-117.2282,199.9,99.28888888888889,893.6,100,86.22222222222223,2011,10,2
760,2011-10-28,2011-10-31,4,7,41.2869,-121.6932,23.3,14.357142857142856,100.49999999999999,80,72.71428571428571,2011,10,29
761,2011-10-01,2011-10-01,1,47,41.3085,-117.4137,609.9,152.12340425531914,7149.8,100,86.72340425531915,2011,10,1
762,2011-10-04,2011-10-04,1,12,41.3395,-116.2192,1046.8,314.7083333333333,3776.5,100,92.75,2011,10,4
763,2011-10-04,2011-10-04,1,1,41.3354,-116.1898,35.5,35.5,35.5,58,58.0,2011,10,4
764,2011-10-01,2011-10-01,1,16,41.3804,-117.4271,759.7,198.20625,3171.3,100,95.3125,2011,10,1
765,2011-10-18,2011-10-20,3,12,41.3798,-123.2024,135.5,44.65833333333334,535.9000000000001,92,76.58333333333333,2011,10,20
766,2011-10-19,2011-10-19,1,1,41.4379,-120.7039,29.5,29.5,29.5,84,84.0,2011,10,19
767,2011-10-30,2011-10-30,1,4,41.4609,-120.391,15.3,13.525,54.1,76,62.25,2011,10,30
768,2011-10-12,2011-10-15,4,20,41.5654,-121.3703,187.4,34.269999999999996,685.4,100,74.15,2011,10,13
769,2011-10-01,2011-10-02,2,24,41.6133,-117.4776,1017.3,162.3875,3897.2999999999997,100,91.66666666666667,2011,10,1
770,2011-10-21,2011-10-22,2,2,41.6032,-122.1658,15.5,12.6,25.2,78,67.0,2011,10,22
771,2011-10-13,2011-10-26,14,7,41.6632,-123.2896,24.7,12.214285714285712,85.49999999999999,85,69.0,2011,10,15
772,2011-10-27,2011-10-27,1,1,41.7697,-123.9558,9.4,9.4,9.4,51,51.0,2011,10,27
773,2011-10-13,2011-10-13,1,1,41.889,-123.1095,5.9,5.9,5.9,53,53.0,2011,10,13
774,2011-10-13,2011-10-13,1,2,41.9034,-118.9074,53.1,49.95,99.9,76,75.0,2011,10,13
775,2011-10-18,2011-10-18,1,2,41.9574,-121.5321,120.5,71.1,142.2,70,60.0,2011,10,18
776,2011-10-26,2011-10-29,4,10,41.9738,-120.8735,151.2,57.279999999999994,572.8,100,76.5,2011,10,27
777,2011-11-05,2011-11-05,1,1,32.5167,-114.7978,8.2,8.2,8.2,65,65.0,2011,11,5
778,2011-11-08,2011-11-08,1,2,32.7376,-115.4666,67.9,50.5,101.0,80,74.0,2011,11,8
779,2011-11-25,2011-11-25,1,1,32.7816,-115.3526,11.4,11.4,11.4,68,68.0,2011,11,25
780,2011-11-02,2011-11-02,1,1,32.933,-115.241,7.6,7.6,7.6,69,69.0,2011,11,2
781,2011-11-22,2011-11-22,1,1,33.8572,-115.4814,14.1,14.1,14.1,62,62.0,2011,11,22
782,2011-11-16,2011-11-30,15,3,34.0919,-117.5375,7.0,6.066666666666666,18.2,63,59.0,2011,11,30
783,2011-11-07,2011-11-07,1,1,34.2264,-119.2322,20.2,20.2,20.2,82,82.0,2011,11,7
784,2011-11-22,2011-11-22,1,3,34.3144,-118.9149,17.8,9.700000000000001,29.1,57,56.333333333333336,2011,11,22
785,2011-11-09,2011-11-09,1,1,34.7593,-120.3133,6.0,6.0,6.0,56,56.0,2011,11,9
786,2011-11-15,2011-11-15,1,1,34.7771,-118.4438,6.4,6.4,6.4,61,61.0,2011,11,15
787,2011-11-15,2011-11-17,3,24,35.4462,-118.3987,399.3,102.8625,2468.7,100,83.875,2011,11,17
788,2011-11-17,2011-11-17,1,1,35.7845,-114.9861,4.3,4.3,4.3,62,62.0,2011,11,17
789,2011-11-03,2011-11-03,1,2,35.9582,-119.0739,23.2,23.1,46.2,70,68.5,2011,11,3
790,2011-11-02,2011-11-02,1,1,36.0027,-121.2268,15.8,15.8,15.8,66,66.0,2011,11,2
791,2011-11-19,2011-11-19,1,1,36.179,-119.0215,19.0,19.0,19.0,55,55.0,2011,11,19
792,2011-11-03,2011-11-03,1,1,36.4063,-119.5913,11.3,11.3,11.3,50,50.0,2011,11,3
793,2011-11-20,2011-11-20,1,1,36.4575,-119.1772,31.8,31.8,31.8,52,52.0,2011,11,20
794,2011-11-04,2011-11-04,1,1,36.6653,-119.4331,11.5,11.5,11.5,60,60.0,2011,11,4
795,2011-11-02,2011-11-03,2,6,36.6807,-121.4773,91.3,53.949999999999996,323.7,100,89.5,2011,11,3
796,2011-11-02,2011-11-02,1,1,36.7424,-119.0317,13.4,13.4,13.4,70,70.0,2011,11,2
797,2011-11-04,2011-11-12,9,6,36.8702,-120.0675,38.3,16.150000000000002,96.9,80,63.166666666666664,2011,11,4
798,2011-11-04,2011-11-04,1,1,36.8135,-120.7287,25.0,25.0,25.0,81,81.0,2011,11,4
799,2011-11-29,2011-11-29,1,1,36.9583,-119.1725,9.0,9.0,9.0,62,62.0,2011,11,29
800,2011-11-07,2011-11-24,18,2,37.0909,-120.0841,8.9,6.9,13.8,66,58.0,2011,11,7
801,2011-11-08,2011-11-15,8,4,37.0492,-119.3023,15.8,11.05,44.2,72,61.75,2011,11,8
802,2011-11-02,2011-11-19,18,4,37.0808,-120.3156,20.3,17.325000000000003,69.30000000000001,81,70.25,2011,11,2
803,2011-11-02,2011-11-02,1,2,37.1328,-119.2564,8.8,8.100000000000001,16.200000000000003,55,54.0,2011,11,2
804,2011-11-03,2011-11-19,17,4,37.1443,-120.2181,37.0,24.775,99.1,78,69.25,2011,11,3
805,2011-11-03,2011-11-03,1,1,37.1774,-120.6117,17.5,17.5,17.5,60,60.0,2011,11,3
806,2011-11-03,2011-11-03,1,1,37.1794,-121.5195,36.1,36.1,36.1,76,76.0,2011,11,3
807,2011-11-02,2011-11-02,1,6,37.224,-120.7821,55.1,35.666666666666664,214.0,92,74.5,2011,11,2
808,2011-11-13,2011-11-13,1,1,37.2573,-120.3061,28.6,28.6,28.6,85,85.0,2011,11,13
809,2011-11-22,2011-11-22,1,2,37.3681,-120.2321,15.0,11.1,22.2,77,70.5,2011,11,22
810,2011-11-07,2011-11-07,1,3,37.3785,-120.8049,35.7,17.866666666666667,53.6,72,66.33333333333333,2011,11,7
811,2011-11-18,2011-11-18,1,3,37.5548,-120.5055,22.6,15.833333333333336,47.50000000000001,59,59.0,2011,11,18
812,2011-11-04,2011-11-04,1,1,37.8684,-120.2065,17.1,17.1,17.1,62,62.0,2011,11,4
813,2011-11-02,2011-11-16,15,6,37.9587,-119.992,26.3,16.900000000000002,101.4,84,72.16666666666667,2011,11,16
814,2011-11-21,2011-11-21,1,1,37.9558,-120.6213,14.8,14.8,14.8,68,68.0,2011,11,21
815,2011-11-01,2011-11-01,1,2,38.0122,-121.08,10.7,9.399999999999999,18.799999999999997,65,62.0,2011,11,1
816,2011-11-04,2011-11-04,1,2,38.1139,-121.358,10.8,7.8500000000000005,15.700000000000001,72,61.5,2011,11,4
817,2011-11-02,2011-11-02,1,7,38.249,-120.2598,29.0,18.22857142857143,127.60000000000001,84,65.71428571428571,2011,11,2
818,2011-11-01,2011-11-01,1,2,38.1948,-121.2205,17.2,13.899999999999999,27.799999999999997,73,69.5,2011,11,1
819,2011-11-10,2011-11-10,1,2,38.2055,-122.3729,106.6,60.699999999999996,121.39999999999999,78,70.0,2011,11,10
820,2011-11-04,2011-11-04,1,1,38.2561,-121.3834,6.8,6.8,6.8,59,59.0,2011,11,4
821,2011-11-07,2011-11-07,1,1,38.3,-122.1238,4.5,4.5,4.5,51,51.0,2011,11,7
822,2011-11-04,2011-11-09,6,3,38.3411,-121.5423,7.6,6.766666666666667,20.3,58,55.666666666666664,2011,11,9
823,2011-11-10,2011-11-10,1,2,38.3242,-120.0401,52.3,49.0,98.0,66,62.5,2011,11,10
824,2011-11-18,2011-11-18,1,4,38.3653,-120.3168,54.1,43.150000000000006,172.60000000000002,100,97.75,2011,11,18
825,2011-11-29,2011-11-29,1,1,38.3522,-118.997,9.8,9.8,9.8,67,67.0,2011,11,29
826,2011-11-02,2011-11-08,7,2,38.3756,-122.2935,36.2,24.0,48.0,85,72.0,2011,11,2
827,2011-11-04,2011-11-04,1,1,38.4442,-121.5702,7.8,7.8,7.8,66,66.0,2011,11,4
828,2011-11-16,2011-11-16,1,1,38.4712,-122.4153,15.8,15.8,15.8,78,78.0,2011,11,16
829,2011-11-02,2011-11-16,15,3,38.5192,-120.4073,27.9,23.566666666666663,70.69999999999999,85,78.33333333333333,2011,11,16
830,2011-11-02,2011-11-02,1,5,38.6209,-121.9266,75.0,28.02,140.1,95,76.8,2011,11,2
831,2011-11-02,2011-11-02,1,3,38.6371,-121.6643,20.9,14.4,43.2,79,72.66666666666667,2011,11,2
832,2011-11-16,2011-11-16,1,1,38.6458,-122.4234,5.8,5.8,5.8,54,54.0,2011,11,16
833,2011-11-01,2011-11-17,17,11,38.6609,-120.3242,107.6,52.17272727272727,573.9,100,76.54545454545455,2011,11,1
834,2011-11-16,2011-11-16,1,1,38.701,-120.2197,21.5,21.5,21.5,61,61.0,2011,11,16
835,2011-11-17,2011-11-18,2,5,38.7634,-120.4557,139.3,51.42,257.1,99,78.0,2011,11,17
836,2011-11-14,2011-11-14,1,7,38.8072,-120.3603,223.4,103.51428571428572,724.6,94,72.42857142857143,2011,11,14
837,2011-11-14,2011-11-15,2,6,38.8284,-120.4765,90.6,43.31666666666666,259.9,86,75.5,2011,11,15
838,2011-11-02,2011-11-17,16,11,38.8791,-120.0593,231.0,68.80909090909091,756.9000000000001,100,71.63636363636364,2011,11,17
839,2011-11-18,2011-11-18,1,1,38.8944,-119.7015,7.7,7.7,7.7,61,61.0,2011,11,18
840,2011-11-16,2011-11-18,3,3,38.9012,-121.4067,22.5,17.099999999999998,51.3,84,76.33333333333333,2011,11,16
841,2011-11-14,2011-11-16,3,6,38.9035,-121.7688,45.4,20.45,122.7,93,79.66666666666667,2011,11,16
842,2011-11-16,2011-11-16,1,1,38.9042,-121.5793,4.0,4.0,4.0,55,55.0,2011,11,16
843,2011-11-04,2011-11-22,19,5,38.9835,-120.6253,32.9,24.619999999999997,123.1,84,69.4,2011,11,22
844,2011-11-02,2011-11-02,1,4,38.9974,-121.6724,28.9,18.05,72.2,85,77.0,2011,11,2
845,2011-11-02,2011-11-10,9,5,39.0028,-121.9843,42.4,21.240000000000002,106.2,80,68.2,2011,11,4
846,2011-11-02,2011-11-02,1,1,39.0111,-121.3615,7.6,7.6,7.6,70,70.0,2011,11,2
847,2011-11-01,2011-11-01,1,1,39.0138,-119.1507,12.1,12.1,12.1,68,68.0,2011,11,1
848,2011-11-22,2011-11-22,1,2,39.0292,-120.5393,18.2,13.8,27.6,77,65.0,2011,11,22
849,2011-11-07,2011-11-16,10,3,39.1056,-121.88,23.3,10.9,32.7,69,63.0,2011,11,10
850,2011-11-04,2011-11-04,1,2,39.0959,-121.6335,5.8,5.449999999999999,10.899999999999999,55,53.0,2011,11,4
851,2011-11-01,2011-11-04,4,5,39.1304,-122.125,61.4,47.239999999999995,236.2,85,81.4,2011,11,4
852,2011-11-02,2011-11-18,17,7,39.2019,-122.2493,23.3,12.428571428571429,87.0,80,71.14285714285714,2011,11,18
853,2011-11-14,2011-11-14,1,1,39.1407,-121.9019,6.6,6.6,6.6,65,65.0,2011,11,14
854,2011-11-16,2011-11-16,1,2,39.176,-121.7359,76.2,67.95,135.9,98,97.0,2011,11,16
855,2011-11-02,2011-11-18,17,10,39.2435,-122.2518,104.1,40.69,406.9,98,82.3,2011,11,18
856,2011-11-21,2011-11-21,1,1,39.2297,-120.8443,17.1,17.1,17.1,50,50.0,2011,11,21
857,2011-11-02,2011-11-18,17,5,39.2488,-122.1338,22.2,15.680000000000001,78.4,79,67.2,2011,11,4
858,2011-11-10,2011-11-18,9,4,39.3814,-121.7553,29.0,20.2,80.8,81,68.75,2011,11,18
859,2011-11-14,2011-11-16,3,3,39.3203,-122.9069,16.7,10.433333333333332,31.299999999999997,76,62.333333333333336,2011,11,16
860,2011-11-17,2011-11-17,1,2,39.3312,-122.2041,83.1,72.1,144.2,74,70.5,2011,11,17
861,2011-11-16,2011-11-16,1,2,39.3538,-122.4566,12.6,9.3,18.6,61,58.0,2011,11,16
862,2011-11-04,2011-11-07,4,7,39.3711,-121.1582,134.4,53.042857142857144,371.3,96,76.57142857142857,2011,11,4
863,2011-11-10,2011-11-14,5,4,39.3645,-122.0621,43.2,26.950000000000003,107.80000000000001,84,70.75,2011,11,12
864,2011-11-02,2011-11-08,7,3,39.4098,-121.9527,53.5,35.03333333333333,105.1,83,70.66666666666667,2011,11,4
865,2011-11-02,2011-11-02,1,3,39.484,-121.7367,12.2,9.733333333333333,29.2,73,67.66666666666667,2011,11,2
866,2011-11-16,2011-11-17,2,3,39.4127,-120.7821,119.8,77.66666666666667,233.0,79,69.0,2011,11,17
867,2011-11-07,2011-11-07,1,8,39.4389,-121.2998,91.8,41.675,333.4,94,77.75,2011,11,7
868,2011-11-18,2011-11-18,1,13,39.4656,-119.8429,432.2,108.4076923076923,1409.3,100,91.15384615384616,2011,11,18
869,2011-11-02,2011-11-16,15,10,39.4821,-122.0295,105.1,29.880000000000003,298.8,88,71.2,2011,11,10
870,2011-11-02,2011-11-02,1,5,39.5043,-121.1957,53.4,32.02,160.10000000000002,92,78.8,2011,11,2
871,2011-11-04,2011-11-04,1,3,39.5029,-122.219,67.1,30.933333333333334,92.8,97,83.0,2011,11,4
872,2011-11-14,2011-11-14,1,1,39.5094,-121.7302,6.5,6.5,6.5,60,60.0,2011,11,14
873,2011-11-10,2011-11-16,7,7,39.5647,-121.1189,112.2,57.35714285714287,401.50000000000006,91,74.14285714285714,2011,11,10
874,2011-11-16,2011-11-16,1,1,39.6361,-122.0629,4.2,4.2,4.2,58,58.0,2011,11,16
875,2011-11-01,2011-11-03,3,7,39.6796,-120.477,89.1,45.82857142857142,320.79999999999995,95,73.85714285714286,2011,11,2
876,2011-11-14,2011-11-16,3,5,39.76,-121.0915,60.8,35.940000000000005,179.70000000000002,95,84.2,2011,11,16
877,2011-11-02,2011-11-02,1,2,39.7657,-120.6899,24.6,23.8,47.6,81,75.0,2011,11,2
878,2011-11-10,2011-11-16,7,2,39.8994,-121.4916,20.6,15.4,30.8,66,58.5,2011,11,10
879,2011-11-16,2011-11-16,1,1,39.9199,-120.8015,12.1,12.1,12.1,70,70.0,2011,11,16
880,2011-11-14,2011-11-14,1,2,39.9292,-120.6349,16.4,13.95,27.9,59,55.0,2011,11,14
881,2011-11-02,2011-11-04,3,3,39.9633,-121.0051,43.4,26.866666666666664,80.6,89,75.33333333333333,2011,11,2
882,2011-11-05,2011-11-16,12,5,40.1181,-121.6175,50.0,18.44,92.2,92,68.4,2011,11,7
883,2011-11-15,2011-11-15,1,1,40.3912,-123.7048,114.0,114.0,114.0,95,95.0,2011,11,15
884,2011-11-14,2011-11-16,3,2,40.4342,-121.3705,24.0,16.55,33.1,78,68.0,2011,11,14
885,2011-11-02,2011-11-02,1,2,40.4685,-123.4366,11.2,9.55,19.1,55,53.5,2011,11,2
886,2011-11-07,2011-11-07,1,1,40.4688,-123.9085,9.4,9.4,9.4,61,61.0,2011,11,7
887,2011-11-04,2011-11-04,1,2,40.5554,-123.0371,54.0,49.9,99.8,86,82.5,2011,11,4
888,2011-11-10,2011-11-10,1,2,40.5127,-122.7367,46.7,40.3,80.6,76,72.5,2011,11,10
889,2011-11-03,2011-11-04,2,4,40.5609,-123.0118,293.5,99.89999999999999,399.59999999999997,100,84.5,2011,11,4
890,2011-11-02,2011-11-02,1,3,40.5961,-122.5243,90.9,46.96666666666667,140.9,84,78.33333333333333,2011,11,2
891,2011-11-14,2011-11-14,1,1,40.6187,-121.7296,15.2,15.2,15.2,69,69.0,2011,11,14
892,2011-11-04,2011-11-16,13,2,40.6693,-123.0619,116.3,68.3,136.6,91,78.5,2011,11,4
893,2011-11-02,2011-11-02,1,5,40.7008,-121.1587,100.6,33.519999999999996,167.6,99,75.6,2011,11,2
894,2011-11-01,2011-11-01,1,3,40.7169,-123.3939,70.4,50.13333333333333,150.4,80,70.66666666666667,2011,11,1
895,2011-11-07,2011-11-16,10,14,40.7352,-122.8646,71.5,25.849999999999998,361.9,97,70.14285714285714,2011,11,16
896,2011-11-07,2011-11-10,4,5,40.7363,-121.8784,61.1,36.059999999999995,180.29999999999998,78,62.8,2011,11,7
897,2011-11-14,2011-11-14,1,4,40.7854,-123.8154,114.2,91.375,365.5,100,92.25,2011,11,14
898,2011-11-02,2011-11-02,1,7,40.8099,-121.2828,140.8,53.028571428571425,371.2,100,84.85714285714286,2011,11,2
899,2011-11-07,2011-11-07,1,4,40.9369,-122.1816,48.1,26.700000000000003,106.80000000000001,92,77.75,2011,11,7
900,2011-11-04,2011-11-07,4,2,41.023,-122.5414,23.8,20.3,40.6,74,72.5,2011,11,4
901,2011-11-10,2011-11-11,2,2,41.0151,-122.0231,25.1,18.85,37.7,66,60.0,2011,11,10
902,2011-11-02,2011-11-02,1,1,41.0934,-121.3837,7.3,7.3,7.3,64,64.0,2011,11,2
903,2011-11-29,2011-11-29,1,2,41.1093,-123.1386,30.0,28.75,57.5,56,54.0,2011,11,29
904,2011-11-07,2011-11-07,1,2,41.1286,-122.5283,31.1,22.5,45.0,86,69.5,2011,11,7
905,2011-11-07,2011-11-07,1,1,41.159,-122.714,13.9,13.9,13.9,69,69.0,2011,11,7
906,2011-11-02,2011-11-02,1,2,41.1669,-121.0334,9.0,8.55,17.1,68,68.0,2011,11,2
907,2011-11-07,2011-11-07,1,1,41.2988,-122.3603,35.8,35.8,35.8,83,83.0,2011,11,7
908,2011-11-25,2011-11-25,1,1,41.3062,-120.3142,10.8,10.8,10.8,56,56.0,2011,11,25
909,2011-11-02,2011-11-02,1,3,41.3206,-121.6886,74.6,44.43333333333334,133.3,96,87.0,2011,11,2
910,2011-11-12,2011-11-12,1,2,41.5467,-122.8871,23.7,17.75,35.5,76,68.0,2011,11,12
911,2011-11-16,2011-11-16,1,1,41.5693,-122.5587,8.1,8.1,8.1,69,69.0,2011,11,16
912,2011-12-23,2011-12-23,1,1,33.0091,-115.4148,22.9,22.9,22.9,60,60.0,2011,12,23
913,2011-12-21,2011-12-21,1,1,33.3003,-116.3728,19.4,19.4,19.4,81,81.0,2011,12,21
914,2011-12-02,2011-12-21,20,4,34.0942,-117.5271,5.8,5.050000000000001,20.200000000000003,64,59.0,2011,12,21
915,2011-12-03,2011-12-03,1,2,34.2066,-118.9824,28.6,18.25,36.5,85,74.0,2011,12,3
916,2011-12-27,2011-12-27,1,2,34.3187,-118.9191,7.6,6.8,13.6,69,67.0,2011,12,27
917,2011-12-01,2011-12-01,1,1,35.1604,-118.8942,7.7,7.7,7.7,65,65.0,2011,12,1
918,2011-12-17,2011-12-17,1,1,35.5103,-120.2103,9.8,9.8,9.8,70,70.0,2011,12,17
919,2011-12-02,2011-12-16,15,2,35.5406,-119.3067,11.9,10.4,20.8,67,59.5,2011,12,16
920,2011-12-06,2011-12-06,1,2,35.6449,-120.4461,32.2,20.3,40.6,84,72.0,2011,12,6
921,2011-12-09,2011-12-09,1,3,35.8911,-121.1766,67.3,36.86666666666667,110.6,97,88.0,2011,12,9
922,2011-12-01,2011-12-01,1,1,36.1018,-119.1294,10.1,10.1,10.1,68,68.0,2011,12,1
923,2011-12-24,2011-12-24,1,1,36.1905,-120.3917,3.9,3.9,3.9,52,52.0,2011,12,24
924,2011-12-09,2011-12-21,13,4,36.3527,-120.9638,18.9,13.675,54.7,77,69.5,2011,12,21
925,2011-12-01,2011-12-01,1,1,36.4369,-119.5237,13.1,13.1,13.1,74,74.0,2011,12,1
926,2011-12-02,2011-12-02,1,1,36.7374,-120.2295,5.0,5.0,5.0,59,59.0,2011,12,2
927,2011-12-02,2011-12-02,1,1,36.9236,-120.61,28.6,28.6,28.6,61,61.0,2011,12,2
928,2011-12-13,2011-12-13,1,1,36.9873,-121.3699,18.2,18.2,18.2,74,74.0,2011,12,13
929,2011-12-02,2011-12-02,1,3,37.0256,-120.4099,9.7,7.066666666666667,21.200000000000003,72,64.0,2011,12,2
930,2011-12-01,2011-12-01,1,1,37.2408,-120.1875,6.7,6.7,6.7,63,63.0,2011,12,1
931,2011-12-02,2011-12-02,1,2,37.2518,-121.0782,13.0,11.2,22.4,77,74.5,2011,12,2
932,2011-12-13,2011-12-13,1,3,37.3363,-118.327,30.3,23.600000000000005,70.80000000000001,73,64.33333333333333,2011,12,13
933,2011-12-17,2011-12-17,1,1,37.5132,-119.5783,12.0,12.0,12.0,66,66.0,2011,12,17
934,2011-12-16,2011-12-16,1,1,37.5378,-120.8471,6.9,6.9,6.9,51,51.0,2011,12,16
935,2011-12-02,2011-12-02,1,3,37.5495,-120.4633,40.9,17.900000000000002,53.7,71,66.0,2011,12,2
936,2011-12-03,2011-12-03,1,2,37.5864,-121.3349,43.2,39.0,78.0,68,66.0,2011,12,3
937,2011-12-23,2011-12-23,1,1,37.6768,-121.3923,6.2,6.2,6.2,55,55.0,2011,12,23
938,2011-12-16,2011-12-16,1,1,37.7347,-120.9756,8.5,8.5,8.5,59,59.0,2011,12,16
939,2011-12-02,2011-12-02,1,1,37.9542,-119.9963,40.9,40.9,40.9,100,100.0,2011,12,2
940,2011-12-13,2011-12-13,1,1,38.005,-121.2702,7.3,7.3,7.3,52,52.0,2011,12,13
941,2011-12-18,2011-12-18,1,2,38.105,-120.5305,11.6,9.6,19.2,73,68.5,2011,12,18
942,2011-12-16,2011-12-16,1,1,38.1729,-121.4214,9.7,9.7,9.7,64,64.0,2011,12,16
943,2011-12-05,2011-12-05,1,3,38.3388,-121.5299,109.1,65.03333333333333,195.1,91,79.66666666666667,2011,12,5
944,2011-12-01,2011-12-02,2,9,38.3417,-120.3317,101.3,43.96666666666667,395.7,100,78.55555555555556,2011,12,1
945,2011-12-06,2011-12-06,1,2,38.3507,-118.9893,22.9,18.75,37.5,73,67.5,2011,12,6
946,2011-12-02,2011-12-02,1,4,38.4827,-120.343,34.9,25.075000000000003,100.30000000000001,100,87.25,2011,12,2
947,2011-12-22,2011-12-22,1,1,38.6344,-120.8721,8.6,8.6,8.6,59,59.0,2011,12,22
948,2011-12-01,2011-12-02,2,3,38.6558,-120.5159,69.7,36.166666666666664,108.5,95,79.66666666666667,2011,12,1
949,2011-12-01,2011-12-01,1,1,38.7503,-120.4645,11.2,11.2,11.2,53,53.0,2011,12,1
950,2011-12-02,2011-12-02,1,2,38.809,-120.3453,17.9,12.649999999999999,25.299999999999997,81,67.0,2011,12,2
951,2011-12-07,2011-12-07,1,2,38.8949,-122.9687,24.8,18.5,37.0,81,66.0,2011,12,7
952,2011-12-19,2011-12-19,1,2,38.9389,-121.5545,23.7,21.4,42.8,66,61.5,2011,12,19
953,2011-12-01,2011-12-01,1,3,38.9823,-120.6166,20.7,14.933333333333332,44.8,78,66.66666666666667,2011,12,1
954,2011-12-01,2011-12-01,1,1,38.9977,-119.902,10.5,10.5,10.5,53,53.0,2011,12,1
955,2011-12-16,2011-12-16,1,2,39.1119,-121.865,68.5,49.5,99.0,96,91.0,2011,12,16
956,2011-12-04,2011-12-04,1,1,39.1139,-122.1366,16.1,16.1,16.1,73,73.0,2011,12,4
957,2011-12-20,2011-12-31,12,2,39.1904,-122.2894,7.2,6.7,13.4,62,59.0,2011,12,31
958,2011-12-04,2011-12-04,1,1,39.1948,-122.0301,7.9,7.9,7.9,55,55.0,2011,12,4
959,2011-12-01,2011-12-01,1,6,39.2394,-120.8456,47.3,25.233333333333334,151.4,82,59.166666666666664,2011,12,1
960,2011-12-20,2011-12-31,12,3,39.2844,-122.2124,35.0,23.900000000000002,71.7,69,63.666666666666664,2011,12,31
961,2011-12-13,2011-12-31,19,2,39.4876,-122.2382,97.6,63.3,126.6,100,88.0,2011,12,31
962,2011-12-13,2011-12-13,1,2,39.5418,-118.5716,24.8,17.0,34.0,78,67.5,2011,12,13
963,2011-12-08,2011-12-08,1,1,39.6697,-120.2198,8.7,8.7,8.7,61,61.0,2011,12,8
964,2011-12-11,2011-12-11,1,2,39.7968,-119.9413,28.0,18.2,36.4,85,73.5,2011,12,11
965,2011-12-09,2011-12-13,5,2,39.8394,-120.3646,19.3,15.65,31.3,77,69.0,2011,12,9
966,2011-12-15,2011-12-15,1,1,39.8626,-122.0606,8.1,8.1,8.1,55,55.0,2011,12,15
967,2011-12-15,2011-12-31,17,3,40.0257,-122.4625,15.4,11.033333333333333,33.1,75,65.33333333333333,2011,12,31
968,2011-12-02,2011-12-02,1,2,40.1504,-115.4936,40.6,38.5,77.0,69,68.5,2011,12,2
969,2011-12-20,2011-12-20,1,1,40.1636,-122.251,9.3,9.3,9.3,63,63.0,2011,12,20
970,2011-12-07,2011-12-08,2,3,41.1562,-123.6129,50.8,29.366666666666664,88.1,73,61.0,2011,12,8
971,2011-12-15,2011-12-23,9,2,41.5367,-115.8702,35.6,24.200000000000003,48.400000000000006,70,60.0,2011,12,23
972,2011-12-21,2011-12-21,1,2,41.6655,-123.2951,25.1,22.5,45.0,67,63.0,2011,12,21
973,2011-12-15,2011-12-15,1,2,41.7583,-121.2434,20.2,18.1,36.2,80,78.0,2011,12,15
