event_id,fire_start_date,fire_end_date,fire_duration_days,fire_latitude,fire_longitude,fire_max_frp,fire_avg_frp,fire_total_frp,confidence,station_id,station_name,station_distance_km,avg_temp_30d,max_temp_30d,avg_max_temp_30d,total_precip_30d,days_without_rain,avg_wind_speed,max_wind_speed,avg_dewpoint,temp_precip_ratio
5,2014-01-23,2014-01-23,1,33.6977,-114.5497,34.1,27.85,55.7,79,74718823158,"BLYTHE ASOS, CA US",20.284125452276793,56.89545454545455,80.1,73.53636363636362,0.0,22,4.681818181818183,18.1,18.400000000000002,568.9545454545455
6,2014-01-21,2014-01-21,1,33.8066,-114.4482,28.5,28.5,28.5,83,74718823158,"BLYTHE ASOS, CA US",36.173890410429095,56.404999999999994,80.1,73.08,0.0,20,4.670000000000001,18.1,18.615000000000002,564.05
7,2014-01-23,2014-01-23,1,33.9085,-114.4832,21.8,21.8,21.8,64,74718823158,"BLYTHE ASOS, CA US",41.152953779379025,56.89545454545455,80.1,73.53636363636362,0.0,22,4.681818181818183,18.1,18.400000000000002,568.9545454545455
8,2014-01-14,2014-01-14,1,34.0043,-117.41,8.1,8.1,8.1,63,72286903171,"RIVERSIDE MUNICIPAL AIRPORT, CA US",6.363643940330271,57.69230769230769,82.0,75.65384615384615,0.0,13,3.169230769230769,15.0,28.399999999999995,576.9230769230769
9,2014-01-27,2014-01-27,1,34.0266,-114.3528,59.9,59.9,59.9,63,99999953172,"LAKE HAVASU CITY 19 SE, AZ US",34.94034754735534,56.71153846153846,78.1,72.98846153846154,0.0,26,,,9999.899999999998,567.1153846153845
12,2014-01-31,2014-01-31,1,34.4214,-119.2795,10.3,9.4,18.8,73,72392793110,"OXNARD VENTURA CO AIRPORT, CA US",25.946341364117014,58.24666666666666,84.9,72.21333333333334,0.01,29,4.543333333333334,22.0,36.983333333333334,529.5151515151515
14,2014-01-31,2014-01-31,1,34.9462,-119.6302,8.9,8.9,8.9,67,99834099999,"SANTA BARBARA, CA US",59.81984334382654,58.84333333333334,82.4,68.06,0.0,30,3.2700000000000005,36.9,9999.900000000001,588.4333333333334
16,2014-01-24,2014-01-29,6,35.4969,-119.5389,133.0,42.660714285714285,1194.5,100,72384023155,"BAKERSFIELD AIRPORT, CA US",54.13492545903426,51.25652173913043,79.0,68.6304347826087,0.0,23,2.6956521739130435,24.1,33.27826086956522,512.5652173913043
17,2014-01-12,2014-01-12,1,35.619,-115.3582,4.1,3.75,7.5,63,72209653127,"LAS VEGAS HENDERSON AIRPORT, NV US",46.89248070548313,46.38181818181818,64.9,61.73636363636364,0.0,11,5.163636363636364,12.0,17.50909090909091,463.8181818181818
19,2014-01-21,2014-01-21,1,36.1747,-120.1083,5.6,4.699999999999999,9.4,60,74702023110,"LEMOORE REEVES NAS, CA US",24.875485574655006,49.165000000000006,75.0,68.66,0.0,20,3.9,21.0,31.015000000000004,491.65000000000003
21,2014-01-31,2014-01-31,1,36.2373,-119.1452,19.3,19.3,19.3,76,72389523149,"PORTERVILLE MUNICIPAL AIRPORT, CA US",24.831538465056653,50.38095238095238,75.2,68.34285714285714,0.0,21,3.4380952380952374,9.9,34.05714285714285,503.8095238095238
22,2014-01-30,2014-01-30,1,36.4527,-120.2774,7.1,7.1,7.1,63,74702023110,"LEMOORE REEVES NAS, CA US",38.68154222578112,51.02758620689655,81.0,70.55172413793105,0.0,29,4.155172413793103,21.0,30.717241379310348,510.27586206896547
24,2014-01-13,2014-01-13,1,36.4965,-119.4518,8.3,7.85,15.7,58,72389693144,"VISALIA MUNICIPAL AIRPORT, CA US",20.77274442429021,46.74166666666665,64.4,62.15,0.0,12,2.025,8.9,33.90833333333333,467.4166666666665
25,2014-01-31,2014-01-31,1,36.5097,-120.0327,54.8,50.1,150.3,93,74702023110,"LEMOORE REEVES NAS, CA US",21.62240878983954,51.28666666666666,81.0,70.60000000000001,0.0,30,4.21,21.0,31.28333333333334,512.8666666666666
26,2014-01-31,2014-01-31,1,36.5265,-120.0481,45.5,17.6,70.4,91,74702023110,"LEMOORE REEVES NAS, CA US",24.048415496803845,51.28666666666666,81.0,70.60000000000001,0.0,30,4.21,21.0,31.28333333333334,512.8666666666666
28,2014-01-31,2014-01-31,1,36.63,-120.0261,19.8,18.6,55.8,79,74702023110,"LEMOORE REEVES NAS, CA US",33.9965110966837,51.28666666666666,81.0,70.60000000000001,0.0,30,4.21,21.0,31.28333333333334,512.8666666666666
29,2014-01-13,2014-01-13,1,36.64,-119.0125,14.8,14.3,28.6,60,72389693144,"VISALIA MUNICIPAL AIRPORT, CA US",56.01911011241535,46.74166666666665,64.4,62.15,0.0,12,2.025,8.9,33.90833333333333,467.4166666666665
31,2014-01-13,2014-01-13,1,36.6564,-120.4552,9.5,9.5,9.5,55,74504693242,"MADERA MUNICIPAL AIRPORT, CA US",52.85102167963217,46.40833333333334,66.0,63.65,0.0,12,2.725,14.0,34.83333333333333,464.08333333333337
33,2014-01-31,2014-01-31,1,36.8063,-120.2302,57.8,20.58,205.8,94,74504693242,"MADERA MUNICIPAL AIRPORT, CA US",23.867992398207416,48.806666666666665,77.0,67.57666666666667,0.0,30,2.783333333333333,14.0,33.906666666666666,488.0666666666666
34,2014-01-31,2014-01-31,1,36.821,-119.967,12.2,12.2,12.2,64,74504693242,"MADERA MUNICIPAL AIRPORT, CA US",24.206233195458655,48.806666666666665,77.0,67.57666666666667,0.0,30,2.783333333333333,14.0,33.906666666666666,488.0666666666666
35,2014-01-31,2014-01-31,1,36.9136,-120.0407,16.4,11.133333333333333,33.4,73,74504693242,"MADERA MUNICIPAL AIRPORT, CA US",11.101278035924489,48.806666666666665,77.0,67.57666666666667,0.0,30,2.783333333333333,14.0,33.906666666666666,488.0666666666666
36,2014-01-13,2014-01-31,19,37.0214,-120.3408,32.0,18.9,56.7,87,74504693242,"MADERA MUNICIPAL AIRPORT, CA US",25.860031151274658,46.40833333333334,66.0,63.65,0.0,12,2.725,14.0,34.83333333333333,464.08333333333337
38,2014-01-31,2014-01-31,1,37.1247,-120.3195,10.0,10.0,10.0,69,74504693242,"MADERA MUNICIPAL AIRPORT, CA US",27.884630524410777,48.806666666666665,77.0,67.57666666666667,0.0,30,2.783333333333333,14.0,33.906666666666666,488.0666666666666
80,2014-01-28,2014-01-28,1,39.9962,-122.1879,18.9,18.9,18.9,79,72591024216,"RED BLUFF MUNICIPAL AIRPORT, CA US",18.805565489237125,51.82222222222222,80.1,71.78148148148148,0.01,26,5.677777777777778,17.1,24.829629629629633,471.11111111111114
86,2014-01-25,2014-01-25,1,41.4752,-120.5303,24.9,24.9,24.9,53,72595894299,"ALTURAS MUNICIPAL AIRPORT, CA US",3.5870975431954633,30.579166666666666,9999.9,1710.7375,0.02,22,2.6750000000000003,20.0,16.0625,254.82638888888886
93,2014-02-03,2014-02-04,2,33.4273,-114.6448,54.6,39.03333333333333,117.1,78,74718823158,"BLYTHE ASOS, CA US",22.616890985272438,58.669999999999995,82.0,74.72999999999999,0.0,30,5.073333333333333,19.0,19.956666666666663,586.6999999999999
94,2014-02-03,2014-02-03,1,34.0495,-114.3962,15.7,15.7,15.7,77,99999953172,"LAKE HAVASU CITY 19 SE, AZ US",36.8346772539129,57.816666666666656,78.8,73.38333333333335,0.0,30,,,9999.900000000001,578.1666666666665
97,2014-02-24,2014-02-24,1,34.9294,-118.3332,3.0,3.0,3.0,50,72381603159,"LANCASTER, CA US",24.813378702841533,52.176666666666655,84.0,68.75999999999999,0.11,28,9.083333333333334,26.0,25.966666666666672,248.46031746031738
99,2014-02-01,2014-02-01,1,35.1393,-118.8518,9.4,9.4,9.4,71,72384023155,"BAKERSFIELD AIRPORT, CA US",39.77107496336039,53.666666666666664,79.0,69.75333333333333,0.12,29,3.5833333333333335,25.1,32.083333333333336,243.93939393939394
100,2014-02-10,2014-02-10,1,35.3205,-119.3625,10.7,8.05,16.1,74,72384023155,"BAKERSFIELD AIRPORT, CA US",36.3676208509602,53.713333333333324,79.0,68.24333333333334,0.16,28,3.906666666666667,25.1,33.260000000000005,206.58974358974353
102,2014-02-01,2014-02-04,4,35.4988,-119.5279,19.0,17.166666666666668,51.5,81,72384023155,"BAKERSFIELD AIRPORT, CA US",52.95240651767637,53.666666666666664,79.0,69.75333333333333,0.12,29,3.5833333333333335,25.1,32.083333333333336,243.93939393939394
103,2014-02-01,2014-02-18,18,35.5434,-119.1768,32.2,18.62,93.1,88,72384023155,"BAKERSFIELD AIRPORT, CA US",18.135083117625776,53.666666666666664,79.0,69.75333333333333,0.12,29,3.5833333333333335,25.1,32.083333333333336,243.93939393939394
104,2014-02-01,2014-02-01,1,35.5093,-119.3979,11.1,9.65,19.3,72,72384023155,"BAKERSFIELD AIRPORT, CA US",38.937097498700126,53.666666666666664,79.0,69.75333333333333,0.12,29,3.5833333333333335,25.1,32.083333333333336,243.93939393939394
105,2014-02-01,2014-02-01,1,35.6202,-115.3428,6.1,6.1,6.1,59,72209653127,"LAS VEGAS HENDERSON AIRPORT, NV US",45.88719299554215,49.88666666666668,70.9,65.34333333333335,0.0,30,5.283333333333334,29.9,16.833333333333332,498.86666666666673
107,2014-02-17,2014-02-17,1,35.938,-119.1033,6.7,6.7,6.7,65,72389523149,"PORTERVILLE MUNICIPAL AIRPORT, CA US",11.114372742786761,51.57333333333333,75.2,66.2,0.55,25,3.6599999999999997,14.0,38.64333333333333,79.34358974358973
108,2014-02-01,2014-02-01,1,35.9758,-119.3085,17.4,17.25,34.5,78,72389523149,"PORTERVILLE MUNICIPAL AIRPORT, CA US",27.94759789895318,50.4,75.2,67.83636363636364,0.31,21,3.445454545454545,11.1,34.62272727272727,122.92682926829266
110,2014-02-01,2014-02-01,1,36.2285,-119.3041,27.6,13.9,55.6,75,72389693144,"VISALIA MUNICIPAL AIRPORT, CA US",14.460177053096963,49.25,75.2,65.83999999999999,0.0,30,2.203333333333333,13.0,34.78999999999999,492.5
114,2014-02-01,2014-02-01,1,36.3848,-119.2069,8.7,8.7,8.7,62,72389693144,"VISALIA MUNICIPAL AIRPORT, CA US",22.72907807885968,49.25,75.2,65.83999999999999,0.0,30,2.203333333333333,13.0,34.78999999999999,492.5
116,2014-02-25,2014-02-25,1,36.57,-119.3453,44.6,25.5,127.5,92,72389693144,"VISALIA MUNICIPAL AIRPORT, CA US",28.76767512724836,52.316666666666656,75.2,65.9,0.0,30,2.9633333333333325,14.0,40.559999999999995,523.1666666666665
117,2014-02-01,2014-02-10,10,36.5123,-120.0535,35.7,20.2,60.6,69,74702023110,"LEMOORE REEVES NAS, CA US",22.94843081343301,51.46666666666667,81.0,70.47000000000001,0.09,29,4.37,21.0,31.860000000000003,270.87719298245617
118,2014-02-01,2014-02-27,27,36.496,-119.9522,49.7,21.654545454545453,238.2,89,74702023110,"LEMOORE REEVES NAS, CA US",18.058021243118603,51.46666666666667,81.0,70.47000000000001,0.09,29,4.37,21.0,31.860000000000003,270.87719298245617
119,2014-02-01,2014-02-04,4,36.5792,-119.3564,13.6,12.2,48.8,73,72389693144,"VISALIA MUNICIPAL AIRPORT, CA US",29.539967861338322,49.25,75.2,65.83999999999999,0.0,30,2.203333333333333,13.0,34.78999999999999,492.5
121,2014-02-01,2014-02-25,25,36.6233,-120.0599,71.7,35.75555555555556,321.8,91,74702023110,"LEMOORE REEVES NAS, CA US",34.420849595832415,51.46666666666667,81.0,70.47000000000001,0.09,29,4.37,21.0,31.860000000000003,270.87719298245617
126,2014-02-01,2014-02-22,22,36.7466,-120.0087,29.4,14.96,74.8,77,74504693242,"MADERA MUNICIPAL AIRPORT, CA US",28.786972686458284,49.06000000000001,77.0,67.44666666666666,0.34,29,2.9,14.0,34.32333333333334,111.5
127,2014-02-01,2014-02-01,1,36.8027,-120.2358,37.5,37.5,37.5,55,74504693242,"MADERA MUNICIPAL AIRPORT, CA US",24.547452844335684,49.06000000000001,77.0,67.44666666666666,0.34,29,2.9,14.0,34.32333333333334,111.5
128,2014-02-01,2014-02-01,1,36.8703,-120.1211,8.7,7.5,15.0,64,74504693242,"MADERA MUNICIPAL AIRPORT, CA US",12.7896562653928,49.06000000000001,77.0,67.44666666666666,0.34,29,2.9,14.0,34.32333333333334,111.5
129,2014-02-20,2014-02-20,1,36.8738,-119.9443,14.8,14.8,14.8,70,74504693242,"MADERA MUNICIPAL AIRPORT, CA US",22.21632955901831,51.98333333333334,77.0,66.79666666666667,1.47,21,4.286666666666666,21.0,39.79333333333333,33.1104033970276
131,2014-02-20,2014-02-20,1,37.0762,-119.9066,11.0,11.0,11.0,69,74504693242,"MADERA MUNICIPAL AIRPORT, CA US",24.80967177970965,51.98333333333334,77.0,66.79666666666667,1.47,21,4.286666666666666,21.0,39.79333333333333,33.1104033970276
133,2014-02-20,2014-02-20,1,37.1408,-120.1825,24.0,15.95,31.9,78,74504693242,"MADERA MUNICIPAL AIRPORT, CA US",19.037770114771718,51.98333333333334,77.0,66.79666666666667,1.47,21,4.286666666666666,21.0,39.79333333333333,33.1104033970276
146,2014-02-25,2014-02-25,1,38.1593,-121.5796,11.5,11.5,11.5,76,99847899999,"PITTSBURG SUISUN BAY, CA US",36.52120137741925,54.89333333333333,71.6,62.28666666666667,0.0,30,6.073333333333334,17.1,9999.900000000001,548.9333333333333
154,2014-02-23,2014-02-23,1,38.8852,-122.9151,12.9,12.8,25.6,71,72590523275,"UKIAH MUNICIPAL AIRPORT, CA US",41.549171892909996,50.003333333333345,77.0,62.90666666666666,6.859999999999999,16,2.5066666666666664,19.0,40.42999999999999,7.18438697318008
173,2014-02-24,2014-02-24,1,39.5214,-123.5867,14.6,12.75,25.5,64,72590523275,"UKIAH MUNICIPAL AIRPORT, CA US",61.23478666724192,49.763333333333335,77.0,62.90666666666666,6.859999999999999,16,2.3666666666666667,14.0,41.04,7.149904214559388
177,2014-02-24,2014-02-24,1,39.66,-122.6213,9.7,9.7,9.7,52,72591024216,"RED BLUFF MUNICIPAL AIRPORT, CA US",68.08772662947493,52.04999999999999,78.1,64.51333333333334,3.2299999999999995,22,5.946666666666669,31.1,37.11,15.630630630630629
181,2014-02-04,2014-02-04,1,40.1577,-120.1577,21.0,21.0,21.0,74,72083900279,"RENO STEAD AIRPORT, NV US",62.804951580110036,33.11,59.0,49.64000000000001,699.93,23,4.15,29.9,18.490000000000002,0.047297972944016685
182,2014-02-18,2014-02-18,1,40.375,-121.7572,51.0,37.3,74.6,92,72591024216,"RED BLUFF MUNICIPAL AIRPORT, CA US",60.53086741849975,52.10333333333333,79.0,65.67666666666668,3.23,22,6.046666666666667,31.1,34.556666666666665,15.646646646646646
185,2014-02-20,2014-02-20,1,40.7851,-122.906,18.0,14.85,29.7,76,72019300117,"LONNIE POOL FIELD WEAVERVILLE AIRPORT, CA US",4.586879419605068,41.25,66.2,53.779999999999994,0.0,30,1.603333333333333,13.0,32.77666666666667,412.5
188,2014-02-25,2014-02-25,1,41.1102,-121.1358,16.7,10.775,43.1,69,72595894299,"ALTURAS MUNICIPAL AIRPORT, CA US",76.03807766793254,35.40333333333333,64.0,49.266666666666666,1.3900000000000001,19,4.2733333333333325,34.0,24.999999999999996,23.760626398210285
190,2014-02-24,2014-02-24,1,41.6346,-122.4082,6.7,6.7,6.7,62,72595524259,"MONTAGUE SISKIYOU AIRPORT, CA US",16.820496038090287,39.47333333333333,64.9,53.68000000000002,2.2199999999999998,17,4.326666666666667,34.0,29.466666666666672,17.014367816091955
195,2014-03-10,2014-03-10,1,33.8282,-114.4305,48.4,29.72,148.6,87,74718823158,"BLYTHE ASOS, CA US",39.170073081087914,65.66666666666666,86.0,81.63333333333334,0.11000000000000001,28,5.6933333333333325,25.1,31.426666666666666,312.6984126984126
196,2014-03-26,2014-03-26,1,34.0165,-119.6908,16.7,16.7,16.7,55,99834099999,"SANTA BARBARA, CA US",43.608747022701785,59.08,78.8,66.22333333333333,0.0,30,4.906666666666667,22.0,9999.900000000001,590.8
198,2014-03-28,2014-03-28,1,34.0951,-117.3879,4.0,4.0,4.0,61,72286903171,"RIVERSIDE MUNICIPAL AIRPORT, CA US",16.643978011980817,62.379999999999995,91.0,76.85333333333332,1.32,25,4.323333333333334,22.0,42.14,43.92957746478872
200,2014-03-18,2014-03-18,1,35.2649,-118.8832,34.4,34.4,34.4,68,72384023155,"BAKERSFIELD AIRPORT, CA US",26.79536257081071,60.716666666666676,84.9,75.05333333333334,0.33,26,4.766666666666667,20.0,40.760000000000005,141.2015503875969
203,2014-03-10,2014-03-10,1,35.9243,-118.9894,19.4,19.4,19.4,71,72389523149,"PORTERVILLE MUNICIPAL AIRPORT, CA US",14.214081845184038,56.089999999999996,78.8,69.74,0.26,26,3.9666666666666672,27.0,45.28666666666667,155.80555555555554
204,2014-03-08,2014-03-08,1,36.0535,-118.9527,13.2,13.2,13.2,71,72389523149,"PORTERVILLE MUNICIPAL AIRPORT, CA US",12.476974540152678,55.52,78.8,68.53999999999999,0.44000000000000006,24,3.953333333333333,27.0,45.18666666666668,102.81481481481481
205,2014-03-08,2014-03-08,1,36.2082,-119.2682,23.3,23.3,23.3,74,72389693144,"VISALIA MUNICIPAL AIRPORT, CA US",18.947209337233588,55.580000000000005,77.0,68.24,100.11,28,3.6700000000000004,21.0,44.61333333333333,0.5546352659415229
206,2014-03-13,2014-03-13,1,36.2876,-119.1916,16.8,12.05,24.1,81,72389693144,"VISALIA MUNICIPAL AIRPORT, CA US",23.356369032727738,56.32333333333333,77.0,69.98,100.11,28,3.576666666666667,21.0,44.480000000000004,0.5620530219871603
208,2014-03-10,2014-03-11,2,36.5829,-120.1118,56.0,31.48,157.39999999999998,80,74702023110,"LEMOORE REEVES NAS, CA US",33.01469641224848,59.363333333333344,84.0,74.27333333333333,101.11,22,6.949999999999999,31.1,44.74333333333333,0.5865362447715972
214,2014-03-20,2014-03-27,8,36.7963,-120.0929,10.4,8.675,34.7,70,74504693242,"MADERA MUNICIPAL AIRPORT, CA US",21.04399901584524,56.92666666666666,82.0,72.80999999999999,1.1900000000000002,22,5.206666666666666,22.0,43.95333333333333,44.129198966408254
215,2014-03-15,2014-03-15,1,36.8006,-119.9775,15.0,13.7,27.4,78,74504693242,"MADERA MUNICIPAL AIRPORT, CA US",25.253101320092913,56.38999999999999,78.1,71.64000000000001,1.2000000000000002,21,5.040000000000002,21.0,44.79666666666665,43.37692307692306
216,2014-03-17,2014-03-21,5,36.8774,-120.16,22.7,19.433333333333334,58.3,83,74504693242,"MADERA MUNICIPAL AIRPORT, CA US",13.143536622724197,56.67666666666666,82.0,72.17333333333335,1.2000000000000002,21,5.083333333333334,21.0,44.57999999999999,43.597435897435886
217,2014-03-17,2014-03-17,1,36.9508,-121.8199,28.1,28.1,28.1,70,74505823277,"WATSONVILLE MUNICIPAL AIRPORT, CA US",3.5524954763808805,55.88333333333333,79.0,70.00666666666666,2.65,16,3.203333333333333,22.0,46.576666666666675,20.32121212121212
219,2014-03-10,2014-03-10,1,37.0838,-120.1636,4.8,4.8,4.8,59,74504693242,"MADERA MUNICIPAL AIRPORT, CA US",12.436007692860652,56.11333333333333,78.1,70.11333333333332,1.5300000000000002,17,5.066666666666667,21.0,46.22666666666667,34.42535787321062
229,2014-03-13,2014-03-13,1,37.9809,-121.6008,8.7,8.7,8.7,69,99847899999,"PITTSBURG SUISUN BAY, CA US",32.484079356662726,57.706666666666685,71.6,65.08,0.0,30,6.613333333333333,25.1,9999.900000000001,577.0666666666668
231,2014-03-15,2014-03-20,6,38.1421,-121.5928,41.8,29.225,116.9,89,99847899999,"PITTSBURG SUISUN BAY, CA US",34.494694398559616,58.17,74.3,65.96,0.0,30,6.620000000000001,25.1,9999.900000000001,581.6999999999999
246,2014-03-20,2014-03-20,1,38.9762,-123.0537,14.0,14.0,14.0,76,72590523275,"UKIAH MUNICIPAL AIRPORT, CA US",23.397892868088505,54.183333333333344,81.0,70.67666666666668,5.61,17,3.263333333333333,21.0,41.513333333333335,9.489200233508466
248,2014-03-20,2014-03-20,1,39.0452,-122.9581,7.4,7.4,7.4,63,72590523275,"UKIAH MUNICIPAL AIRPORT, CA US",28.38923782856,54.183333333333344,81.0,70.67666666666668,5.61,17,3.263333333333333,21.0,41.513333333333335,9.489200233508466
253,2014-03-15,2014-03-15,1,39.15,-122.6535,12.6,12.6,12.6,66,72590523275,"UKIAH MUNICIPAL AIRPORT, CA US",60.728121161209955,53.75000000000001,78.1,68.01666666666667,5.85,13,3.2600000000000002,21.0,43.343333333333334,9.033613445378153
254,2014-03-15,2014-03-24,10,39.1932,-123.0957,53.5,18.48,92.4,87,72590523275,"UKIAH MUNICIPAL AIRPORT, CA US",13.678539773184891,53.75000000000001,78.1,68.01666666666667,5.85,13,3.2600000000000002,21.0,43.343333333333334,9.033613445378153
264,2014-03-19,2014-03-22,4,39.5339,-121.1165,73.4,41.34285714285714,289.4,93,74948600397,"NEVADA CO AIR PARK, CA US",36.63340720517341,51.34137931034482,71.6,59.744827586206895,0.0,29,3.8413793103448275,17.1,33.94827586206897,513.4137931034481
269,2014-03-22,2014-03-22,1,39.8937,-122.5059,7.2,7.2,7.2,72,72591024216,"RED BLUFF MUNICIPAL AIRPORT, CA US",39.9766218762914,57.25333333333334,86.0,71.89666666666668,5.38,20,7.300000000000001,22.9,39.743333333333325,10.447688564476888
272,2014-03-22,2014-03-24,3,40.022,-122.5651,17.4,12.199999999999998,36.6,74,72591024216,"RED BLUFF MUNICIPAL AIRPORT, CA US",37.339931777683205,57.25333333333334,86.0,71.89666666666668,5.38,20,7.300000000000001,22.9,39.743333333333325,10.447688564476888
273,2014-03-17,2014-03-17,1,40.1617,-120.156,15.6,15.6,15.6,79,72083900279,"RENO STEAD AIRPORT, NV US",63.09723604794451,42.47931034482759,71.6,56.33103448275861,999.8999999999999,19,7.448275862068966,42.0,22.9,0.042479310344827596
279,2014-03-15,2014-03-15,1,41.5629,-122.4501,10.3,10.3,10.3,76,72595524259,"MONTAGUE SISKIYOU AIRPORT, CA US",23.4886888344029,45.626666666666665,71.1,59.823333333333345,3.5799999999999996,16,5.736666666666667,34.0,35.440000000000005,12.398550724637682
281,2014-03-04,2014-03-04,1,41.8257,-120.1823,14.1,14.1,14.1,56,72595894299,"ALTURAS MUNICIPAL AIRPORT, CA US",56.68736054372561,37.42333333333333,66.9,50.68333333333333,1.62,17,5.163333333333332,34.0,27.459999999999997,21.757751937984494
282,2014-03-17,2014-03-24,8,41.9609,-120.7096,148.4,48.74186046511627,2095.9,100,72595894299,"ALTURAS MUNICIPAL AIRPORT, CA US",55.47000062462955,40.27333333333334,70.0,56.373333333333335,1.9000000000000001,17,5.336666666666668,34.0,28.113333333333337,20.13666666666667
285,2014-04-06,2014-04-06,1,33.2188,-119.4641,13.1,13.1,13.1,60,72291093116,"SAN NICOLAS ISLAND, CA US",1.8940939303527482,60.258620689655174,80.1,63.48620689655173,0.08,26,11.179310344827586,35.9,49.0,334.7701149425288
286,2014-04-22,2014-04-22,1,34.0431,-114.3407,308.3,127.66666666666669,766.0,100,99999953172,"LAKE HAVASU CITY 19 SE, AZ US",32.69151263753268,73.61333333333332,100.0,88.8933333333333,0.0,30,,,9999.900000000001,736.1333333333331
289,2014-04-30,2014-04-30,1,34.9202,-119.4114,6.6,6.6,6.6,60,99834099999,"SANTA BARBARA, CA US",63.10039055663605,57.32333333333334,83.7,63.886666666666656,0.0,30,5.616666666666666,20.0,9999.900000000001,573.2333333333333
292,2014-04-24,2014-04-24,1,35.7901,-119.1215,18.4,17.6,35.2,68,72389523149,"PORTERVILLE MUNICIPAL AIRPORT, CA US",27.362037117648747,62.54666666666667,87.8,78.5,0.96,25,5.256666666666666,22.0,43.70000000000001,59.0062893081761
293,2014-04-18,2014-04-21,4,35.9161,-119.2775,24.5,19.5,58.5,77,72389523149,"PORTERVILLE MUNICIPAL AIRPORT, CA US",26.97801408457673,61.44666666666667,87.8,77.9,0.96,25,5.0666666666666655,21.0,42.54333333333332,57.9685534591195
294,2014-04-12,2014-04-12,1,35.9473,-119.0504,12.7,12.7,12.7,66,72389523149,"PORTERVILLE MUNICIPAL AIRPORT, CA US",9.215934747034957,59.72999999999999,87.8,76.34000000000002,0.96,25,4.903333333333333,21.0,41.49333333333333,56.34905660377357
295,2014-04-27,2014-04-27,1,36.1027,-119.0379,48.4,28.2,56.4,90,72389523149,"PORTERVILLE MUNICIPAL AIRPORT, CA US",8.578072243785302,62.44333333333334,87.8,78.19999999999999,1.4300000000000002,25,5.2,22.0,43.62,40.81263616557734
297,2014-04-06,2014-04-06,1,36.3909,-119.0963,12.4,10.7,21.4,74,72389693144,"VISALIA MUNICIPAL AIRPORT, CA US",34.70304236102286,58.196666666666665,82.4,73.75999999999999,0.35000000000000003,27,4.306666666666667,21.0,41.406666666666666,129.3259259259259
298,2014-04-04,2014-04-04,1,36.5041,-119.945,8.6,8.6,8.6,53,74702023110,"LEMOORE REEVES NAS, CA US",18.963593222828848,62.136666666666656,88.0,79.67333333333333,0.46,25,7.516666666666667,24.1,40.21000000000001,110.9583333333333
299,2014-04-18,2014-04-18,1,36.624,-119.3619,16.0,16.0,16.0,72,72389693144,"VISALIA MUNICIPAL AIRPORT, CA US",34.374773287789154,61.84000000000002,87.8,77.47999999999999,0.35,27,4.103333333333334,21.0,43.686666666666675,137.42222222222227
300,2014-04-05,2014-04-05,1,36.7141,-120.1589,9.0,9.0,9.0,58,74504693242,"MADERA MUNICIPAL AIRPORT, CA US",30.5480129068798,57.419999999999995,82.0,74.06333333333333,0.63,24,5.130000000000001,22.0,42.589999999999996,78.65753424657534
312,2014-04-10,2014-04-10,1,38.1499,-121.5812,20.1,20.1,20.1,62,99847899999,"PITTSBURG SUISUN BAY, CA US",35.994828684826935,59.45666666666667,79.2,68.65666666666668,0.0,30,6.933333333333333,25.1,9999.900000000001,594.5666666666667
323,2014-04-09,2014-04-09,1,39.0584,-122.9436,11.4,11.4,11.4,74,72590523275,"UKIAH MUNICIPAL AIRPORT, CA US",29.50087881813919,53.91999999999999,84.9,71.34,5.23,17,2.7233333333333336,15.9,39.35666666666667,10.116322701688553
326,2014-04-28,2014-04-28,1,39.2025,-121.1341,15.2,13.0,26.0,68,74948600397,"NEVADA CO AIR PARK, CA US",14.746490994809898,54.04333333333333,75.2,63.43999999999999,0.0,30,3.323333333333333,15.0,36.37666666666667,540.4333333333333
341,2014-04-05,2014-04-05,1,40.5587,-123.2266,5.8,5.8,5.8,56,72019300117,"LONNIE POOL FIELD WEAVERVILLE AIRPORT, CA US",39.7494781607262,45.53928571428571,75.2,62.085714285714296,0.0,28,2.0000000000000004,14.0,33.06071428571429,455.3928571428571
342,2014-04-10,2014-04-10,1,40.6348,-115.7434,46.1,33.93333333333333,101.8,68,72582524121,"ELKO REGIONAL AIRPORT, NV US",21.537693265503147,39.74333333333333,73.9,57.92333333333334,0.8500000000000001,20,5.37,33.0,20.766666666666666,41.835087719298244
343,2014-04-15,2014-04-16,2,40.9176,-120.5682,240.7,140.1,700.5,100,72595894299,"ALTURAS MUNICIPAL AIRPORT, CA US",62.83262144824475,43.06333333333334,75.0,61.53666666666667,1.0100000000000002,21,5.6466666666666665,25.1,24.813333333333333,38.79579579579579
345,2014-04-10,2014-04-12,3,41.8669,-121.3468,220.2,73.0625,584.5,100,72595894299,"ALTURAS MUNICIPAL AIRPORT, CA US",96.99644976975455,40.73666666666667,73.9,59.17333333333334,1.3200000000000003,20,5.44,25.1,24.26,28.687793427230044
346,2014-04-10,2014-04-29,20,41.8848,-121.4771,212.7,81.0625,648.5,94,72595524259,"MONTAGUE SISKIYOU AIRPORT, CA US",110.7062865479441,46.763333333333335,78.1,64.48333333333332,0.81,23,5.840000000000001,32.1,31.25,51.38827838827839
347,2014-04-11,2014-04-30,20,41.8758,-121.3445,476.3,102.96363636363635,1132.6,100,72595894299,"ALTURAS MUNICIPAL AIRPORT, CA US",97.20546719048465,41.4,73.9,59.976666666666674,1.01,21,5.360000000000001,25.1,24.550000000000004,37.29729729729729
348,2014-04-29,2014-04-30,2,41.9139,-121.446,45.6,39.400000000000006,78.80000000000001,82,72595894299,"ALTURAS MUNICIPAL AIRPORT, CA US",109.18028660438853,45.90333333333333,75.0,63.26333333333332,1.2300000000000002,20,5.680000000000002,25.1,28.143333333333334,34.51378446115287
349,2014-04-18,2014-04-18,1,41.9389,-121.6071,9.2,9.2,9.2,56,72595524259,"MONTAGUE SISKIYOU AIRPORT, CA US",97.3300037074862,49.16666666666667,80.1,66.59666666666665,0.7899999999999999,24,5.823333333333334,32.1,32.563333333333325,55.24344569288391
353,2014-05-14,2014-05-16,3,33.275,-117.3894,1508.7,244.81875,3917.1,100,72292603154,"CAMP PENDLETON MCAS, CA US",5.004659992446632,63.77666666666666,97.0,78.8,0.0,30,4.450000000000001,15.9,43.48,637.7666666666665
356,2014-05-14,2014-05-14,1,33.3589,-117.287,1352.0,357.12068965517244,10356.5,100,72292603154,"CAMP PENDLETON MCAS, CA US",9.691134053452625,63.77666666666666,97.0,78.8,0.0,30,4.450000000000001,15.9,43.48,637.7666666666665
360,2014-05-30,2014-05-30,1,33.906,-118.0453,7.7,7.7,7.7,67,72297603166,"FULLERTON MUNICIPAL AIRPORT, CA US",7.650459257567566,71.23,104.0,84.55333333333334,0.0,30,4.4,19.0,46.32333333333333,712.3
362,2014-05-08,2014-05-31,24,34.0955,-117.3878,7.8,6.300000000000001,25.200000000000003,72,72286903171,"RIVERSIDE MUNICIPAL AIRPORT, CA US",16.68961218013473,67.81333333333333,99.0,85.75666666666666,0.22,29,4.903333333333332,19.0,39.83666666666667,211.91666666666666
365,2014-05-13,2014-05-14,2,34.5951,-120.4528,46.0,29.675,118.7,100,72289523243,"LOMPOC AIRPORT, CA US",8.092076471326827,58.346666666666685,93.2,70.88000000000001,0.1,29,7.556666666666667,24.1,44.589999999999996,291.7333333333334
366,2014-05-25,2014-05-25,1,34.9252,-120.4712,23.1,23.1,23.1,52,72394023273,"SANTA MARIA PUBLIC AIRPORT, CA US",4.054297602605419,62.87000000000001,105.1,79.83666666666666,0.13,28,7.916666666666667,28.9,44.43666666666665,273.34782608695656
367,2014-05-19,2014-05-20,2,35.1453,-118.8698,97.1,57.99999999999999,232.0,95,72384023155,"BAKERSFIELD AIRPORT, CA US",38.109440591816956,70.31666666666666,100.0,85.77666666666667,0.58,27,6.0566666666666675,22.0,37.17666666666667,103.40686274509804
369,2014-05-20,2014-05-20,1,35.5656,-119.1582,43.2,37.95,75.9,82,72384023155,"BAKERSFIELD AIRPORT, CA US",18.526099918633506,70.28999999999999,100.0,85.77666666666667,0.5800000000000001,27,6.173333333333334,22.0,36.92666666666667,103.36764705882351
371,2014-05-16,2014-05-16,1,36.198,-115.0677,8.8,8.8,8.8,62,74614023112,"LAS VEGAS NELLIS AFB, NV US",6.9188686289664245,72.84333333333332,96.8,86.16000000000001,0.0,30,10.306666666666667,34.0,21.846666666666668,728.4333333333332
372,2014-05-04,2014-05-04,1,36.2718,-119.1298,15.2,15.2,15.2,54,72389523149,"PORTERVILLE MUNICIPAL AIRPORT, CA US",27.91990032094657,65.40666666666667,93.2,81.8,0.64,29,5.320000000000001,22.0,43.71000000000001,88.38738738738739
373,2014-05-02,2014-05-18,17,36.5151,-119.3731,40.7,18.5,74.0,92,72389693144,"VISALIA MUNICIPAL AIRPORT, CA US",22.227199122761334,64.35999999999999,93.2,79.75999999999999,0.39999999999999997,27,4.533333333333334,21.0,44.81000000000001,128.71999999999997
374,2014-05-31,2014-05-31,1,36.7988,-120.0822,23.8,15.9,31.8,85,74504693242,"MADERA MUNICIPAL AIRPORT, CA US",20.914053416325267,70.76333333333334,100.9,88.77666666666666,0.0,30,7.496666666666667,22.0,41.786666666666676,707.6333333333333
375,2014-05-17,2014-05-17,1,36.8943,-120.0406,16.5,16.5,16.5,61,74504693242,"MADERA MUNICIPAL AIRPORT, CA US",12.727188991167974,66.64666666666668,100.9,84.22333333333334,0.54,29,7.033333333333332,22.0,42.226666666666674,104.13541666666667
385,2014-05-16,2014-05-16,1,38.8805,-122.959,75.7,39.275,157.1,97,72590523275,"UKIAH MUNICIPAL AIRPORT, CA US",38.34171354426581,59.99333333333333,96.1,79.27666666666666,0.29000000000000004,25,3.9700000000000006,17.1,40.92,153.82905982905982
388,2014-05-25,2014-05-25,1,39.1678,-122.6037,161.0,91.85,367.4,100,72590523275,"UKIAH MUNICIPAL AIRPORT, CA US",66.35458959133466,62.36,96.1,81.67,0.25,26,4.123333333333334,17.1,42.09333333333334,178.17142857142858
397,2014-05-17,2014-05-17,1,41.0571,-115.1842,36.6,26.65,53.3,89,72582524121,"ELKO REGIONAL AIRPORT, NV US",71.67118883175321,49.71666666666667,81.0,68.08,1.33,19,5.6899999999999995,24.1,26.329999999999995,34.76689976689976
406,2014-06-09,2014-06-12,4,33.9374,-114.4741,253.2,134.77999999999997,673.8999999999999,100,74718823158,"BLYTHE ASOS, CA US",44.30671996979288,85.79666666666667,109.9,101.80666666666666,0.01,29,7.836666666666667,29.9,29.87333333333333,779.969696969697
408,2014-06-09,2014-06-25,17,34.0437,-117.3739,9.6,7.524999999999999,30.099999999999994,76,72286903171,"RIVERSIDE MUNICIPAL AIRPORT, CA US",12.169844452551306,71.77333333333333,102.9,88.96333333333334,0.0,30,4.746666666666667,15.9,45.230000000000004,717.7333333333332
411,2014-06-04,2014-06-04,1,34.2973,-119.2364,33.7,33.7,33.7,75,72392793110,"OXNARD VENTURA CO AIRPORT, CA US",11.364755097286634,62.94333333333334,102.0,73.64333333333333,0.0,30,6.663333333333335,25.1,50.05666666666668,629.4333333333334
412,2014-06-12,2014-06-12,1,34.6207,-118.1118,8.3,8.3,8.3,73,72382023182,"PALMDALE AIRPORT, CA US",3.3312054268242512,75.16333333333334,106.0,91.98666666666668,0.96,29,11.106666666666667,40.8,31.55666666666666,70.90880503144655
413,2014-06-10,2014-06-30,21,34.9251,-120.469,133.9,97.3,291.9,89,72394023273,"SANTA MARIA PUBLIC AIRPORT, CA US",3.922763399759753,62.22,105.1,77.07333333333334,0.01,29,6.276666666666666,28.0,47.266666666666666,565.6363636363636
414,2014-06-14,2014-06-14,1,35.1366,-118.8656,24.7,24.7,24.7,60,72384023155,"BAKERSFIELD AIRPORT, CA US",39.17417862627366,79.78,109.9,94.95333333333335,0.0,30,6.209999999999999,25.1,38.583333333333336,797.8
416,2014-06-23,2014-06-23,1,35.8867,-119.035,53.9,53.9,53.9,71,72389523149,"PORTERVILLE MUNICIPAL AIRPORT, CA US",16.13550521643541,76.76666666666665,107.6,95.30000000000001,0.0,30,5.72,17.1,42.12333333333334,767.6666666666665
417,2014-06-14,2014-06-14,1,35.9071,-119.1778,28.9,23.05,46.1,78,72389523149,"PORTERVILLE MUNICIPAL AIRPORT, CA US",18.66027388217058,75.61333333333332,107.6,93.85999999999999,0.1,29,5.75,17.1,43.05666666666668,378.06666666666655
419,2014-06-14,2014-06-14,1,36.3859,-119.2525,17.5,15.3,30.6,74,72389693144,"VISALIA MUNICIPAL AIRPORT, CA US",18.08620351458328,76.16333333333331,109.4,93.8,0.0,30,5.4433333333333325,20.0,46.43999999999999,761.6333333333331
420,2014-06-04,2014-06-17,14,36.4966,-114.7243,1383.9,161.3217391304348,3710.400000000001,100,74614023112,"LAS VEGAS NELLIS AFB, NV US",43.88518057600946,79.13666666666667,104.7,92.26666666666667,0.0,30,9.85333333333333,34.0,24.24,791.3666666666667
421,2014-06-01,2014-06-02,2,36.5549,-118.767,82.4,49.2,147.6,99,72389523149,"PORTERVILLE MUNICIPAL AIRPORT, CA US",66.91638121845548,70.51333333333334,98.6,87.92000000000003,0.25,27,5.619999999999999,20.0,42.11333333333333,201.4666666666667
423,2014-06-09,2014-06-09,1,36.7427,-119.2407,20.8,20.8,20.8,78,72389693144,"VISALIA MUNICIPAL AIRPORT, CA US",50.48707225754805,73.94666666666667,102.2,91.22000000000001,0.0,30,5.366666666666668,22.0,44.30666666666666,739.4666666666667
443,2014-06-13,2014-06-13,1,39.9979,-122.3402,75.4,75.4,75.4,77,72591024216,"RED BLUFF MUNICIPAL AIRPORT, CA US",19.543648042727085,78.08666666666666,106.0,95.60999999999999,0.24000000000000002,28,7.423333333333333,21.0,40.26,229.66666666666663
445,2014-06-01,2014-06-01,1,41.963,-121.9357,104.0,59.0,236.0,95,72595524259,"MONTAGUE SISKIYOU AIRPORT, CA US",62.7353927282153,58.78999999999999,91.9,78.28999999999999,0.42000000000000004,25,6.450000000000001,22.0,36.986666666666665,113.05769230769229
455,2014-07-15,2014-07-15,1,34.5661,-116.1529,24.0,24.0,24.0,79,69015093121,"TWENTYNINE PALMS MC, CA US",30.20967981691318,88.86333333333336,109.0,102.72000000000001,199.98,28,8.623333333333333,33.0,39.553333333333335,0.4441390110622419
458,2014-07-25,2014-07-25,1,35.7926,-118.7134,45.9,45.9,45.9,90,72389523149,"PORTERVILLE MUNICIPAL AIRPORT, CA US",46.82621477108379,82.22000000000001,105.8,98.59999999999998,0.0,30,5.413333333333332,15.0,51.88333333333333,822.2
459,2014-07-18,2014-07-18,1,36.5608,-119.5023,19.0,19.0,19.0,77,72389693144,"VISALIA MUNICIPAL AIRPORT, CA US",29.38141838909227,80.95666666666669,104.0,98.06,0.0,30,5.093333333333334,15.0,53.52333333333333,809.5666666666668
460,2014-07-05,2014-07-05,1,36.7915,-120.3777,60.9,24.3375,194.7,100,74504693242,"MADERA MUNICIPAL AIRPORT, CA US",36.606662871817804,77.61,106.0,96.56666666666666,0.0,30,7.046666666666666,18.1,46.74,776.0999999999999
472,2014-07-12,2014-07-12,1,37.8947,-121.8586,19.8,19.8,19.8,73,99847899999,"PITTSBURG SUISUN BAY, CA US",16.651424439068514,69.55,90.5,80.83000000000001,0.0,30,11.9,21.0,9999.900000000001,695.4999999999999
483,2014-07-05,2014-07-05,1,38.7902,-119.5204,122.7,86.53333333333335,259.6,100,72055199999,"MINDEN TAHOE AIRPORT, NV US",34.64380982225751,65.82400000000001,95.0,85.85600000000001,199.98,23,6.632,27.0,32.304,0.3289884046381448
484,2014-07-21,2014-07-21,1,39.0998,-120.9269,82.3,60.5,121.0,98,74948600397,"NEVADA CO AIR PARK, CA US",16.16826548674835,76.90666666666668,95.0,86.47999999999999,0.0,30,2.4,9.9,43.440000000000005,769.0666666666667
494,2014-07-16,2014-07-16,1,39.6849,-120.0863,51.1,40.3,80.6,100,72083900279,"RENO STEAD AIRPORT, NV US",23.427706385814734,70.93666666666667,98.6,86.83999999999999,399.96,26,7.986666666666666,28.9,29.416666666666664,0.17731506940625572
495,2014-07-30,2014-07-30,1,39.6925,-120.2314,26.5,26.0,52.0,81,72083900279,"RENO STEAD AIRPORT, NV US",39.55081403220296,75.11999999999999,98.6,90.32,799.92,22,7.093333333333335,25.1,36.16,0.09389765255868603
497,2014-07-31,2014-07-31,1,39.7847,-123.6657,25.5,16.1,32.2,72,72590523275,"UKIAH MUNICIPAL AIRPORT, CA US",89.3699096136208,75.42999999999999,108.0,97.67000000000002,0.0,30,4.47,17.1,50.17333333333334,754.2999999999998
498,2014-07-18,2014-07-18,1,39.8699,-120.2146,132.4,80.15,160.3,82,72083900279,"RENO STEAD AIRPORT, NV US",43.81595755851964,72.38333333333334,98.6,88.4,499.95,25,7.613333333333332,25.1,30.416666666666664,0.1447521914475219
502,2014-07-31,2014-07-31,1,40.8959,-121.3564,1918.3,374.9269230769231,9748.1,100,72595894299,"ALTURAS MUNICIPAL AIRPORT, CA US",109.73184059468078,74.93333333333334,102.0,95.23,0.41,26,4.906666666666666,22.9,37.846666666666664,146.92810457516342
504,2014-07-16,2014-07-16,1,41.1039,-116.5634,12.7,12.7,12.7,64,72582524121,"ELKO REGIONAL AIRPORT, NV US",91.67682906670032,71.41333333333334,104.0,91.17333333333335,0.38,24,5.433333333333334,27.0,31.626666666666665,148.7777777777778
505,2014-07-31,2014-07-31,1,41.224,-121.3548,4880.4,649.7153846153846,16892.6,100,72595894299,"ALTURAS MUNICIPAL AIRPORT, CA US",92.6519223720829,74.93333333333334,102.0,95.23,0.41,26,4.906666666666666,22.9,37.846666666666664,146.92810457516342
507,2014-07-04,2014-07-04,1,41.4761,-120.9306,563.9,122.5090909090909,1347.6,100,72595894299,"ALTURAS MUNICIPAL AIRPORT, CA US",40.97860236133521,65.67,100.9,84.48666666666668,0.42,28,5.706666666666667,24.1,31.506666666666668,126.28846153846153
508,2014-07-31,2014-07-31,1,41.5412,-123.0622,111.7,46.275,185.1,100,72595524259,"MONTAGUE SISKIYOU AIRPORT, CA US",70.800843672173,79.03333333333332,106.0,99.54333333333334,0.13,26,6.533333333333333,28.0,45.64333333333334,343.623188405797
511,2014-07-31,2014-07-31,1,41.9235,-122.8555,766.0,192.03529411764703,3264.6,100,72595524259,"MONTAGUE SISKIYOU AIRPORT, CA US",46.08754425377285,79.03333333333332,106.0,99.54333333333334,0.13,26,6.533333333333333,28.0,45.64333333333334,343.623188405797
515,2014-08-30,2014-08-30,1,32.81,-118.4169,15.3,15.3,15.3,65,72292593117,"SAN CLEMENTE ISLAND NAAS, CA US",30.35914620793044,69.78333333333335,79.0,73.14583333333333,0.0,24,8.700000000000001,17.1,60.80833333333334,697.8333333333334
522,2014-08-19,2014-08-21,3,36.5476,-119.4713,37.2,18.65,149.2,91,72389693144,"VISALIA MUNICIPAL AIRPORT, CA US",26.827199345494364,81.76896551724138,104.0,98.22758620689655,100.0,27,4.403448275862069,13.0,58.3655172413793,0.8168727823900238
523,2014-08-01,2014-08-01,1,36.857,-120.0767,8.7,8.7,8.7,50,74504693242,"MADERA MUNICIPAL AIRPORT, CA US",14.705486322148795,81.79333333333335,105.1,99.76666666666667,0.0,30,6.426666666666666,15.9,52.47333333333333,817.9333333333335
539,2014-08-01,2014-08-14,14,39.7606,-123.6228,102.3,30.188888888888886,815.0999999999999,100,72590523275,"UKIAH MUNICIPAL AIRPORT, CA US",84.46627446217008,75.52333333333333,107.1,97.60333333333332,0.0,30,4.396666666666666,17.1,49.81000000000002,755.2333333333332
541,2014-08-25,2014-08-25,1,40.7468,-122.9574,16.4,9.875,39.5,97,72019300117,"LONNIE POOL FIELD WEAVERVILLE AIRPORT, CA US",3.9294627113650793,74.05333333333331,102.2,95.05999999999999,0.0,30,2.2433333333333327,15.9,41.55,740.5333333333331
543,2014-08-01,2014-08-04,4,40.7968,-121.3053,2683.4,371.693,37169.3,100,72595894299,"ALTURAS MUNICIPAL AIRPORT, CA US",112.37675043228742,74.87666666666665,102.0,95.03333333333333,0.41000000000000003,26,4.916666666666667,22.9,38.17666666666666,146.81699346405225
546,2014-08-01,2014-08-04,4,40.8803,-121.2733,483.2,94.49264705882354,6425.5,100,72595894299,"ALTURAS MUNICIPAL AIRPORT, CA US",103.57283025499807,74.87666666666665,102.0,95.03333333333333,0.41000000000000003,26,4.916666666666667,22.9,38.17666666666666,146.81699346405225
547,2014-08-01,2014-08-09,9,40.8685,-121.25,200.7,35.835,716.7,100,72595894299,"ALTURAS MUNICIPAL AIRPORT, CA US",102.48160973693061,74.87666666666665,102.0,95.03333333333333,0.41000000000000003,26,4.916666666666667,22.9,38.17666666666666,146.81699346405225
548,2014-08-01,2014-08-02,2,41.0504,-123.0929,28.0,14.466666666666669,43.4,84,72019300117,"LONNIE POOL FIELD WEAVERVILLE AIRPORT, CA US",38.65261151293711,76.66333333333334,104.0,98.11999999999998,0.0,30,2.27,15.9,44.80333333333333,766.6333333333333
550,2014-08-01,2014-08-02,2,41.2451,-121.2777,858.6,137.78782608695653,15845.6,100,72595894299,"ALTURAS MUNICIPAL AIRPORT, CA US",83.79097536583768,74.87666666666665,102.0,95.03333333333333,0.41000000000000003,26,4.916666666666667,22.9,38.17666666666666,146.81699346405225
552,2014-08-02,2014-08-02,1,41.2832,-121.2276,200.4,85.71,857.0999999999999,100,72595894299,"ALTURAS MUNICIPAL AIRPORT, CA US",77.21144253175437,74.82333333333332,102.0,95.07,0.41,26,4.873333333333333,22.9,38.226666666666674,146.71241830065358
553,2014-08-11,2014-08-25,15,41.3483,-123.1045,780.9,51.314925373134336,3438.1000000000004,100,A0705300346,"TRINITY CENTER AIRPORT, CA US",60.99491309232298,74.52222222222221,100.4,94.0,0.0,9,2.888888888888889,12.0,45.077777777777776,745.2222222222221
556,2014-08-17,2014-08-26,10,41.3945,-123.04,50.1,27.125,108.5,83,A0705300346,"TRINITY CENTER AIRPORT, CA US",59.67716052435864,73.54666666666665,100.4,92.60000000000001,0.0,15,3.24,12.0,44.839999999999996,735.4666666666665
557,2014-08-12,2014-08-29,18,41.5382,-123.1625,121.1,35.10612244897959,1720.2,100,A0705300346,"TRINITY CENTER AIRPORT, CA US",80.6366901112018,74.78,100.4,94.1,0.0,10,2.92,12.0,44.93,747.8
558,2014-08-01,2014-08-17,17,41.5509,-123.0434,372.5,41.27966101694916,2435.5000000000005,100,72595524259,"MONTAGUE SISKIYOU AIRPORT, CA US",68.46556405653517,78.93666666666665,106.0,99.51333333333334,0.14,25,6.569999999999999,28.0,45.970000000000006,328.9027777777777
559,2014-08-06,2014-08-31,26,41.6858,-123.164,331.0,60.04999999999999,1441.1999999999998,100,72595524259,"MONTAGUE SISKIYOU AIRPORT, CA US",77.84256347086385,78.87000000000002,105.1,99.21,0.12,26,6.28,28.0,46.49333333333334,358.50000000000006
560,2014-08-01,2014-08-06,6,41.6747,-122.1212,1624.3,215.3298850574712,18733.699999999997,100,72595524259,"MONTAGUE SISKIYOU AIRPORT, CA US",40.06018194331327,78.93666666666665,106.0,99.51333333333334,0.14,25,6.569999999999999,28.0,45.970000000000006,328.9027777777777
561,2014-08-15,2014-08-30,16,41.7341,-123.2326,2072.2,97.0622754491018,16209.399999999998,100,72595524259,"MONTAGUE SISKIYOU AIRPORT, CA US",84.95681127059525,76.84333333333333,104.0,97.05333333333331,0.06999999999999999,28,6.400000000000001,28.0,44.62333333333333,452.0196078431373
562,2014-08-16,2014-08-28,13,41.76,-123.3421,697.8,62.78977272727273,11051.0,100,72595524259,"MONTAGUE SISKIYOU AIRPORT, CA US",97.00932210083471,76.32,102.0,96.61999999999998,0.06999999999999999,28,6.38,28.0,44.50333333333333,448.94117647058823
563,2014-08-16,2014-08-31,16,41.8107,-123.1987,1327.5,95.38955223880596,19173.3,100,72595524259,"MONTAGUE SISKIYOU AIRPORT, CA US",81.18373235736013,76.32,102.0,96.61999999999998,0.06999999999999999,28,6.38,28.0,44.50333333333333,448.94117647058823
564,2014-08-14,2014-08-16,3,41.7701,-123.3794,37.3,19.42727272727272,213.7,100,72595524259,"MONTAGUE SISKIYOU AIRPORT, CA US",101.1384526285999,77.46666666666668,104.0,97.71999999999998,0.06999999999999999,28,6.510000000000002,28.0,44.68666666666666,455.68627450980404
565,2014-08-30,2014-08-31,2,41.797,-123.1204,308.8,68.98333333333333,827.8,100,72595524259,"MONTAGUE SISKIYOU AIRPORT, CA US",72.43471807664812,74.90333333333334,102.0,94.50333333333334,0.01,29,5.836666666666668,22.9,43.64000000000001,680.939393939394
566,2014-08-01,2014-08-12,12,41.8468,-122.914,547.4,92.8171875,11880.6,100,72595524259,"MONTAGUE SISKIYOU AIRPORT, CA US",50.138625958989394,78.93666666666665,106.0,99.51333333333334,0.14,25,6.569999999999999,28.0,45.970000000000006,328.9027777777777
567,2014-08-02,2014-08-11,10,41.8917,-122.806,870.1,103.9359649122807,11848.7,100,72595524259,"MONTAGUE SISKIYOU AIRPORT, CA US",39.71132366808487,78.83999999999999,105.1,99.38000000000001,0.14,25,6.419999999999999,28.0,45.800000000000004,328.49999999999994
568,2014-08-01,2014-08-12,12,41.9267,-122.8745,362.8,57.80714285714286,2427.9,100,72595524259,"MONTAGUE SISKIYOU AIRPORT, CA US",48.184597978725385,78.93666666666665,106.0,99.51333333333334,0.14,25,6.569999999999999,28.0,45.970000000000006,328.9027777777777
569,2014-08-15,2014-08-16,2,41.9222,-123.43,15.8,11.066666666666668,33.2,62,72595524259,"MONTAGUE SISKIYOU AIRPORT, CA US",108.0188219538225,76.84333333333333,104.0,97.05333333333331,0.06999999999999999,28,6.400000000000001,28.0,44.62333333333333,452.0196078431373
570,2014-08-29,2014-08-29,1,41.9435,-121.4342,193.5,89.125,356.5,100,72595894299,"ALTURAS MUNICIPAL AIRPORT, CA US",109.49658586966339,69.36333333333333,96.1,89.35333333333334,0.45999999999999996,26,4.416666666666667,25.1,38.25666666666667,123.86309523809524
571,2014-08-01,2014-08-04,4,41.9975,-122.2552,2052.5,241.8,10881.0,100,72595524259,"MONTAGUE SISKIYOU AIRPORT, CA US",34.29582349271389,78.93666666666665,106.0,99.51333333333334,0.14,25,6.569999999999999,28.0,45.970000000000006,328.9027777777777
573,2014-09-13,2014-09-13,1,32.8119,-118.42,10.3,10.3,10.3,61,72292593117,"SAN CLEMENTE ISLAND NAAS, CA US",29.979620203206167,70.18333333333334,79.0,73.42083333333333,0.0,24,8.279166666666667,15.0,61.291666666666664,701.8333333333334
574,2014-09-15,2014-09-15,1,33.3015,-118.3261,13.7,13.7,13.7,62,72292023191,"AVALON CATALINA AIRPORT, CA US",15.044659958659805,71.54666666666667,98.1,80.66333333333333,0.0,30,5.6899999999999995,18.1,49.38666666666668,715.4666666666666
575,2014-09-01,2014-09-01,1,33.7271,-117.4284,317.7,144.225,576.9,100,72286903171,"RIVERSIDE MUNICIPAL AIRPORT, CA US",25.06638740032787,77.3,100.0,94.82333333333332,0.14,27,3.953333333333333,19.4,56.91,322.0833333333333
576,2014-09-12,2014-09-13,2,33.7479,-117.5962,2440.8,267.9857142857143,5627.700000000001,100,72033353175,"CORONA MUNICIPAL AIRPORT, CA US",16.63662852874316,75.68666666666667,99.9,93.34333333333335,0.0,30,4.94,15.0,58.36,756.8666666666667
579,2014-09-20,2014-09-20,1,34.7089,-118.1336,12.7,12.7,12.7,66,72381603159,"LANCASTER, CA US",9.46891718152536,79.90666666666667,102.0,96.63333333333334,0.0,30,9.45,27.0,38.86,799.0666666666666
580,2014-09-14,2014-09-14,1,35.0101,-120.5256,78.0,49.5,99.0,98,72394023273,"SANTA MARIA PUBLIC AIRPORT, CA US",15.246115072322032,65.48333333333333,84.9,78.76333333333334,0.0,30,4.873333333333335,19.0,56.14999999999999,654.8333333333333
581,2014-09-26,2014-09-27,2,35.6063,-119.1643,19.4,17.775,71.1,63,72384023155,"BAKERSFIELD AIRPORT, CA US",22.612072391339463,83.29000000000003,105.1,98.09333333333333,0.01,29,5.050000000000001,15.0,46.38,757.1818181818185
582,2014-09-27,2014-09-27,1,35.8232,-119.4564,39.0,23.85,47.7,86,72389523149,"PORTERVILLE MUNICIPAL AIRPORT, CA US",49.35346948877684,78.21,102.2,96.25999999999999,0.0,30,4.593333333333334,15.9,50.526666666666664,782.0999999999999
584,2014-09-02,2014-09-02,1,35.8811,-118.6601,13.4,13.4,13.4,75,72389523149,"PORTERVILLE MUNICIPAL AIRPORT, CA US",47.6047044178156,80.16,102.2,97.10000000000001,0.0,30,5.256666666666666,14.0,51.08666666666667,801.5999999999999
586,2014-09-18,2014-09-18,1,36.0149,-119.0022,131.6,119.4,238.8,100,72389523149,"PORTERVILLE MUNICIPAL AIRPORT, CA US",6.885133783275268,79.09000000000002,102.2,97.15999999999998,0.0,30,4.95,12.0,49.16666666666666,790.9000000000001
588,2014-09-09,2014-09-29,21,36.5847,-119.5009,48.6,20.566666666666663,123.4,73,72389693144,"VISALIA MUNICIPAL AIRPORT, CA US",31.7896114600173,78.6655172413793,100.4,96.48965517241379,0.0,29,3.734482758620689,12.0,55.286206896551725,786.655172413793
604,2014-09-30,2014-09-30,1,38.1598,-121.7936,38.3,30.05,60.1,90,99847899999,"PITTSBURG SUISUN BAY, CA US",16.687106651543665,69.56666666666666,90.5,80.45333333333333,0.0,30,10.876666666666667,21.0,9999.900000000001,695.6666666666666
619,2014-09-13,2014-09-13,1,39.1141,-121.0128,299.0,172.175,688.7,90,74948600397,"NEVADA CO AIR PARK, CA US",12.24730460346231,75.53,89.6,84.49999999999999,0.0,30,2.6733333333333333,12.0,40.14333333333334,755.3
636,2014-09-01,2014-09-22,22,41.5496,-123.1986,926.9,62.87362637362637,17164.5,100,A0705300346,"TRINITY CENTER AIRPORT, CA US",84.21796985869447,72.68275862068964,100.4,92.39310344827585,0.0,29,3.010344827586206,18.1,43.11724137931035,726.8275862068964
638,2014-09-06,2014-09-14,9,41.5947,-123.2077,1703.0,525.96,2629.8,100,72595524259,"MONTAGUE SISKIYOU AIRPORT, CA US",84.45036135346894,72.76333333333332,99.0,92.50333333333334,0.0,30,6.35,22.9,41.20333333333333,727.6333333333332
639,2014-09-03,2014-09-23,21,41.5931,-123.2383,3862.5,114.85158371040724,25382.2,100,72595524259,"MONTAGUE SISKIYOU AIRPORT, CA US",87.79561117053267,73.43,99.0,92.9,0.0,30,5.966666666666667,22.9,43.04666666666666,734.3000000000001
641,2014-09-01,2014-09-12,12,41.7064,-123.0987,292.9,57.02560386473431,11804.3,100,72595524259,"MONTAGUE SISKIYOU AIRPORT, CA US",70.37789814550686,74.13666666666668,100.0,93.4,0.0,30,6.006666666666665,22.9,43.516666666666666,741.3666666666668
642,2014-09-01,2014-09-10,10,41.7568,-123.0703,2814.9,92.58708609271524,27961.3,100,72595524259,"MONTAGUE SISKIYOU AIRPORT, CA US",66.85396730483153,74.13666666666668,100.0,93.4,0.0,30,6.006666666666665,22.9,43.516666666666666,741.3666666666668
643,2014-09-01,2014-09-05,5,41.7818,-123.1047,144.9,35.22105263157895,2007.6,100,72595524259,"MONTAGUE SISKIYOU AIRPORT, CA US",70.65162882266299,74.13666666666668,100.0,93.4,0.0,30,6.006666666666665,22.9,43.516666666666666,741.3666666666668
644,2014-09-05,2014-09-05,1,41.7886,-123.0644,25.8,25.8,25.8,100,72595524259,"MONTAGUE SISKIYOU AIRPORT, CA US",66.19323220199726,72.87666666666668,99.0,92.57,0.0,30,6.26,22.9,41.953333333333326,728.7666666666668
645,2014-09-05,2014-09-05,1,41.9809,-121.4727,86.9,84.95,169.9,90,72595524259,"MONTAGUE SISKIYOU AIRPORT, CA US",112.87336764560209,72.87666666666668,99.0,92.57,0.0,30,6.26,22.9,41.953333333333326,728.7666666666668
649,2014-10-13,2014-10-13,1,33.3034,-114.6648,18.5,18.5,18.5,55,74718823158,"BLYTHE ASOS, CA US",35.43717612617705,84.97666666666669,109.9,99.62666666666668,0.11,26,5.073333333333334,18.1,49.856666666666676,404.65079365079373
651,2014-10-24,2014-10-27,4,33.7991,-115.4034,10.3,9.75,19.5,69,74718823158,"BLYTHE ASOS, CA US",79.04353159880773,80.58000000000001,105.1,95.65333333333335,0.09,27,4.623333333333334,17.1,44.163333333333334,424.1052631578948
652,2014-10-03,2014-10-03,1,33.8341,-114.4553,17.7,17.7,17.7,71,74718823158,"BLYTHE ASOS, CA US",37.40570547715619,88.47333333333334,109.9,102.33333333333333,0.11,26,5.873333333333333,21.0,55.73,421.3015873015873
654,2014-10-18,2014-10-22,5,34.9203,-118.3295,25.7,14.8,44.4,79,72381603159,"LANCASTER, CA US",23.74220477383232,69.79666666666667,99.0,88.76666666666667,0.0,30,8.103333333333333,22.9,34.48,697.9666666666666
655,2014-10-27,2014-10-27,1,35.6518,-119.2868,19.8,19.0,38.0,66,72384023155,"BAKERSFIELD AIRPORT, CA US",35.268035991407345,72.43,97.0,86.72666666666666,0.0,30,4.436666666666667,20.0,43.90666666666667,724.3000000000001
656,2014-10-16,2014-10-16,1,35.9298,-119.2195,12.2,12.2,12.2,69,72389523149,"PORTERVILLE MUNICIPAL AIRPORT, CA US",20.640368548104668,72.89666666666668,102.2,90.61999999999998,0.0,30,4.163333333333333,15.9,48.34000000000001,728.9666666666667
657,2014-10-27,2014-10-27,1,36.097,-120.1438,19.0,19.0,19.0,66,74702023110,"LEMOORE REEVES NAS, CA US",33.92504113419545,68.86,97.0,87.62666666666668,0.0,30,6.766666666666665,28.0,2035.716666666667,688.5999999999999
658,2014-10-09,2014-10-09,1,36.0975,-119.0376,16.5,16.5,16.5,79,72389523149,"PORTERVILLE MUNICIPAL AIRPORT, CA US",8.04437884025821,74.95333333333333,102.2,92.6,0.0,30,4.249999999999999,15.9,49.03666666666666,749.5333333333333
659,2014-10-13,2014-10-13,1,36.2069,-119.4198,5.5,5.5,5.5,56,72389693144,"VISALIA MUNICIPAL AIRPORT, CA US",12.38109987121125,73.46333333333334,100.4,90.92000000000002,0.0,30,3.5833333333333335,18.1,52.843333333333334,734.6333333333333
660,2014-10-29,2014-10-29,1,36.2319,-120.2304,52.4,52.4,52.4,94,74702023110,"LEMOORE REEVES NAS, CA US",33.09814611987936,68.35333333333334,97.0,87.25666666666667,0.0,30,6.8566666666666665,28.0,2035.3600000000001,683.5333333333333
661,2014-10-25,2014-10-25,1,36.2994,-119.2337,8.4,8.4,8.4,52,72389693144,"VISALIA MUNICIPAL AIRPORT, CA US",18.558570270118583,68.62333333333335,95.0,85.75999999999999,0.0,30,3.313333333333334,18.1,49.39333333333334,686.2333333333335
663,2014-10-21,2014-10-25,5,36.4489,-118.6361,676.5,74.97428571428571,2624.1,100,72389523149,"PORTERVILLE MUNICIPAL AIRPORT, CA US",66.39281551014099,70.75,96.8,87.92,0.0,30,4.123333333333333,15.9,47.126666666666665,707.5
664,2014-10-27,2014-10-27,1,36.4892,-119.1845,29.3,29.3,29.3,81,72389693144,"VISALIA MUNICIPAL AIRPORT, CA US",30.64220308559599,68.18333333333334,95.0,85.57999999999998,0.0,30,3.363333333333334,18.1,48.87,681.8333333333334
665,2014-10-26,2014-10-26,1,36.5813,-119.4329,43.2,30.125,120.5,83,72389693144,"VISALIA MUNICIPAL AIRPORT, CA US",29.60006988597962,68.36,95.0,85.57999999999998,0.0,30,3.326666666666667,18.1,49.019999999999996,683.5999999999999
669,2014-10-08,2014-10-13,6,36.7595,-120.0399,26.3,16.2,81.0,79,74504693242,"MADERA MUNICIPAL AIRPORT, CA US",26.239848492300588,74.41333333333334,102.0,93.05666666666666,0.03,29,5.003333333333332,15.0,50.06333333333334,572.4102564102565
670,2014-10-13,2014-10-16,4,36.7513,-118.9491,113.2,35.50714285714286,497.1,100,72389693144,"VISALIA MUNICIPAL AIRPORT, CA US",69.51596415108497,73.46333333333334,100.4,90.92000000000002,0.0,30,3.5833333333333335,18.1,52.843333333333334,734.6333333333333
672,2014-10-27,2014-10-27,1,36.8331,-120.3278,46.8,27.433333333333334,82.3,89,74504693242,"MADERA MUNICIPAL AIRPORT, CA US",29.416025559291086,67.98333333333332,96.1,86.46333333333334,0.03,29,4.683333333333334,18.1,46.98,522.9487179487178
674,2014-10-27,2014-10-28,2,37.0182,-120.2648,58.4,29.7,148.5,92,74504693242,"MADERA MUNICIPAL AIRPORT, CA US",17.49857770519845,67.98333333333332,96.1,86.46333333333334,0.03,29,4.683333333333334,18.1,46.98,522.9487179487178
675,2014-10-22,2014-10-22,1,37.0205,-120.0972,13.7,12.1,24.2,79,74504693242,"MADERA MUNICIPAL AIRPORT, CA US",4.209831984877553,69.72,96.1,87.99333333333333,0.03,29,4.873333333333333,18.1,48.54333333333333,536.3076923076923
677,2014-10-08,2014-10-28,21,37.1307,-120.1933,43.2,24.200000000000003,314.6,89,74504693242,"MADERA MUNICIPAL AIRPORT, CA US",18.5871105499179,74.41333333333334,102.0,93.05666666666666,0.03,29,5.003333333333332,15.0,50.06333333333334,572.4102564102565
701,2014-10-23,2014-10-24,2,39.0893,-119.8927,23.5,17.7,35.4,73,72055199999,"MINDEN TAHOE AIRPORT, NV US",18.555229623131446,53.613333333333344,86.0,74.83999999999999,199.98,28,5.55,29.9,27.90666666666667,0.26795948287351734
721,2014-10-30,2014-10-30,1,39.6061,-121.1364,24.8,24.8,24.8,78,74948600397,"NEVADA CO AIR PARK, CA US",44.92360344373539,63.70333333333334,86.0,73.75999999999999,0.0,30,2.6933333333333334,15.0,38.066666666666656,637.0333333333334
723,2014-10-29,2014-10-29,1,39.8894,-120.3524,26.0,17.433333333333334,52.3,66,72083900279,"RENO STEAD AIRPORT, NV US",58.35884722233623,53.0,82.4,71.35999999999999,399.96,26,5.930000000000001,33.0,27.223333333333333,0.1324801279808029
726,2014-10-18,2014-10-18,1,40.3982,-123.2454,21.5,14.8,29.6,81,72019300117,"LONNIE POOL FIELD WEAVERVILLE AIRPORT, CA US",52.79785913273405,59.65,9999.9,741.9466666666666,0.0,30,1.5866666666666667,13.0,42.376666666666665,596.5
728,2014-10-29,2014-10-29,1,40.6342,-122.8237,53.1,37.4,112.2,91,72019300117,"LONNIE POOL FIELD WEAVERVILLE AIRPORT, CA US",16.608037220875538,55.37,9999.9,735.1666666666665,0.0,30,1.5033333333333334,13.0,41.33,553.6999999999999
729,2014-10-30,2014-10-30,1,40.7994,-122.8534,14.1,13.35,26.7,79,72019300117,"LONNIE POOL FIELD WEAVERVILLE AIRPORT, CA US",9.581891364443884,55.323333333333345,9999.9,734.7466666666666,0.0,30,1.4833333333333338,13.0,41.38333333333333,553.2333333333335
730,2014-10-20,2014-10-20,1,40.9089,-120.5126,11.6,11.6,11.6,73,72595894299,"ALTURAS MUNICIPAL AIRPORT, CA US",64.02441977383612,55.583333333333336,9999.9,407.99999999999994,0.51,25,4.2,31.1,32.00333333333334,91.12021857923497
731,2014-10-27,2014-10-27,1,41.0299,-122.7314,19.1,19.1,19.1,55,A0705300346,"TRINITY CENTER AIRPORT, CA US",6.658492079291877,56.14,91.4,73.64000000000001,0.0,30,1.9166666666666667,17.1,42.669999999999995,561.4
735,2014-10-08,2014-10-08,1,41.3075,-115.1587,14.2,13.95,27.9,76,72582524121,"ELKO REGIONAL AIRPORT, NV US",87.94236789375724,61.12999999999999,93.0,82.58666666666666,0.38,24,4.7600000000000025,25.1,32.06666666666667,127.35416666666664
737,2014-10-02,2014-10-13,12,41.5873,-123.2775,159.4,33.5375,268.3,99,72595524259,"MONTAGUE SISKIYOU AIRPORT, CA US",92.17958275494375,67.13,95.0,86.58666666666666,1.3800000000000001,27,6.199999999999999,28.0,37.4,45.3581081081081
738,2014-10-27,2014-10-27,1,41.5787,-115.37,9.4,9.4,9.4,68,72582524121,"ELKO REGIONAL AIRPORT, NV US",95.67203426285474,53.269999999999996,82.0,74.89666666666668,0.24,27,5.0166666666666675,28.9,25.723333333333326,156.6764705882353
744,2014-11-09,2014-11-09,1,33.8024,-115.3894,6.1,6.1,6.1,58,74718823158,"BLYTHE ASOS, CA US",77.63655834917935,75.39000000000003,99.0,90.67666666666665,0.01,29,4.973333333333333,25.1,38.196666666666665,685.3636363636366
747,2014-11-07,2014-11-07,1,34.7835,-118.4457,39.3,23.4,46.8,79,72381603159,"LANCASTER, CA US",26.301933462744636,61.92,93.0,81.00999999999999,0.3,28,7.883333333333332,26.0,33.06666666666667,154.79999999999998
748,2014-11-01,2014-11-03,3,35.1667,-118.8687,31.6,27.4,54.8,78,72384023155,"BAKERSFIELD AIRPORT, CA US",36.20282028581747,71.35666666666665,97.0,86.36666666666665,0.0,30,4.343333333333333,20.0,43.080000000000005,713.5666666666665
750,2014-11-22,2014-11-22,1,35.7568,-119.1976,13.3,12.75,25.5,67,72389523149,"PORTERVILLE MUNICIPAL AIRPORT, CA US",33.77476284523103,58.230000000000004,84.2,72.74000000000001,1.12,27,3.423333333333333,20.0,45.82333333333334,47.729508196721305
752,2014-11-15,2014-11-15,1,36.2383,-119.854,9.6,9.6,9.6,74,74702023110,"LEMOORE REEVES NAS, CA US",14.993918826940973,60.56666666666667,86.0,77.35333333333332,0.8300000000000001,28,5.8133333333333335,26.0,1706.0533333333333,65.12544802867383
754,2014-11-03,2014-11-03,1,36.5688,-119.9681,19.7,12.95,51.8,77,74702023110,"LEMOORE REEVES NAS, CA US",26.214273562678397,66.53333333333333,97.0,85.72333333333333,0.8300000000000001,28,6.706666666666667,28.0,2035.5733333333333,71.54121863799283
756,2014-11-02,2014-11-02,1,36.6625,-120.5082,75.8,55.975,223.9,81,74504693242,"MADERA MUNICIPAL AIRPORT, CA US",56.82296458634395,66.34333333333332,96.1,85.36666666666666,0.5,29,4.373333333333334,20.0,45.88333333333333,110.57222222222221
759,2014-11-03,2014-11-03,1,37.0393,-120.1147,16.2,13.95,27.9,69,74504693242,"MADERA MUNICIPAL AIRPORT, CA US",6.038260126136877,65.63666666666667,96.1,84.36999999999999,0.63,28,4.346666666666668,20.0,45.910000000000004,89.91324200913243
761,2014-11-03,2014-11-03,1,37.129,-120.1941,30.2,15.925,63.7,82,74504693242,"MADERA MUNICIPAL AIRPORT, CA US",18.46757772277935,65.63666666666667,96.1,84.36999999999999,0.63,28,4.346666666666668,20.0,45.910000000000004,89.91324200913243
779,2014-11-24,2014-11-24,1,38.9697,-122.8506,5.4,5.4,5.4,52,72590523275,"UKIAH MUNICIPAL AIRPORT, CA US",42.58466567963778,54.90666666666668,82.9,70.48333333333333,4.05,19,1.9400000000000002,14.0,46.24666666666666,13.23052208835342
784,2014-11-14,2014-11-14,1,39.1083,-119.9392,17.3,13.15,26.3,58,72055199999,"MINDEN TAHOE AIRPORT, NV US",24.066520252149317,45.89333333333332,9999.9,397.50333333333333,299.96999999999997,27,5.5600000000000005,34.0,25.28666666666667,0.1529420912898101
785,2014-11-12,2014-11-12,1,39.1223,-122.7645,23.0,22.25,44.5,82,72590523275,"UKIAH MUNICIPAL AIRPORT, CA US",48.36101759593723,58.443333333333335,96.1,75.77,1.77,21,2.1633333333333336,13.0,47.989999999999995,31.25311942959002
790,2014-11-15,2014-11-15,1,39.4414,-121.1732,16.8,15.8,31.6,86,74948600397,"NEVADA CO AIR PARK, CA US",30.647017584097835,56.12333333333334,75.2,65.18,0.0,30,2.5733333333333337,11.1,41.230000000000004,561.2333333333333
797,2014-11-05,2014-11-05,1,39.8985,-120.3583,24.3,20.933333333333334,62.8,71,72083900279,"RENO STEAD AIRPORT, NV US",59.38298121802175,50.706666666666685,82.4,68.06,599.9399999999999,24,6.153333333333333,33.0,26.62,0.08450547741261698
800,2014-11-10,2014-11-10,1,40.1027,-123.287,8.5,8.5,8.5,57,72019300117,"LONNIE POOL FIELD WEAVERVILLE AIRPORT, CA US",82.1960426315653,51.013333333333335,82.4,65.78,0.0,30,1.0866666666666667,12.0,43.313333333333325,510.1333333333333
803,2014-11-17,2014-11-17,1,40.6355,-122.8731,37.7,27.04,135.2,86,72019300117,"LONNIE POOL FIELD WEAVERVILLE AIRPORT, CA US",13.514431200017356,48.776666666666664,73.4,62.12000000000001,0.0,30,1.0833333333333333,11.1,43.49333333333333,487.7666666666666
804,2014-11-17,2014-11-17,1,40.6394,-123.0023,83.7,53.23333333333333,159.7,94,72019300117,"LONNIE POOL FIELD WEAVERVILLE AIRPORT, CA US",14.902902329748084,48.776666666666664,73.4,62.12000000000001,0.0,30,1.0833333333333333,11.1,43.49333333333333,487.7666666666666
806,2014-11-10,2014-11-10,1,40.7994,-122.7862,44.7,36.9,110.7,82,72019300117,"LONNIE POOL FIELD WEAVERVILLE AIRPORT, CA US",16.157040428247036,51.013333333333335,82.4,65.78,0.0,30,1.0866666666666667,12.0,43.313333333333325,510.1333333333333
809,2014-11-17,2014-11-24,8,41.1092,-123.1576,22.9,19.633333333333333,58.9,80,72019300117,"LONNIE POOL FIELD WEAVERVILLE AIRPORT, CA US",47.9612747974868,48.776666666666664,73.4,62.12000000000001,0.0,30,1.0833333333333333,11.1,43.49333333333333,487.7666666666666
810,2014-11-10,2014-11-17,8,41.2469,-121.3183,42.0,20.86,104.3,86,72595894299,"ALTURAS MUNICIPAL AIRPORT, CA US",88.01835260266122,47.79666666666665,82.9,67.08333333333333,1.6900000000000002,21,4.486666666666666,31.1,33.87666666666667,26.702048417132204
811,2014-11-17,2014-11-17,1,41.3093,-122.6936,19.1,16.3,32.6,68,A0705300346,"TRINITY CENTER AIRPORT, CA US",36.219327214210196,48.23666666666667,71.6,61.10000000000001,0.0,30,1.3766666666666667,15.0,43.76333333333333,482.3666666666667
812,2014-11-25,2014-11-25,1,41.6403,-122.2373,30.9,26.73333333333333,80.19999999999999,68,72595524259,"MONTAGUE SISKIYOU AIRPORT, CA US",29.606317228513067,43.29333333333333,71.1,57.473333333333336,1.28,21,3.713333333333333,28.9,36.71666666666667,31.371980676328498
814,2014-11-24,2014-11-24,1,41.7708,-122.0899,22.1,21.15,42.3,60,72595524259,"MONTAGUE SISKIYOU AIRPORT, CA US",41.99810929643591,44.15333333333333,71.1,58.17333333333333,1.34,20,4.383333333333335,33.0,37.15666666666666,30.66203703703703
815,2014-11-05,2014-11-12,8,41.9966,-121.0403,29.1,21.0,84.0,77,72595894299,"ALTURAS MUNICIPAL AIRPORT, CA US",77.88988879982091,49.32333333333333,88.0,69.15,1.69,21,4.386666666666667,31.1,31.773333333333333,27.554934823091244
819,2014-12-04,2014-12-04,1,33.4749,-114.7067,5.4,5.4,5.4,59,74718823158,"BLYTHE ASOS, CA US",15.991974478459943,63.25666666666666,89.1,78.74,0.03,29,5.6,36.9,28.369999999999997,486.58974358974353
820,2014-12-24,2014-12-24,1,33.5973,-114.6785,12.3,12.3,12.3,64,74718823158,"BLYTHE ASOS, CA US",4.653074058695661,58.67333333333334,80.1,71.94333333333333,0.78,25,4.336666666666667,22.0,39.076666666666675,66.67424242424244
821,2014-12-09,2014-12-09,1,33.6674,-117.4216,40.9,31.825000000000003,127.3,88,72286903171,"RIVERSIDE MUNICIPAL AIRPORT, CA US",31.71772379931,62.263333333333335,91.0,76.44,1.42,26,3.14,18.1,39.66333333333334,40.96271929824562
827,2014-12-03,2014-12-04,2,35.1557,-118.8711,72.3,34.49090909090909,379.4,89,72384023155,"BAKERSFIELD AIRPORT, CA US",37.06337557826046,58.970000000000006,84.0,72.02333333333333,0.0,30,3.600000000000001,19.0,44.50333333333333,589.7
828,2014-12-25,2014-12-25,1,35.6486,-119.8818,7.0,7.0,7.0,57,74702023110,"LEMOORE REEVES NAS, CA US",76.38110049836163,52.656666666666666,73.0,65.05,2.3499999999999996,21,5.016666666666666,26.0,712.0966666666667,21.492517006802725
829,2014-12-08,2014-12-09,2,35.8308,-118.5922,25.3,19.4,38.8,83,72389523149,"PORTERVILLE MUNICIPAL AIRPORT, CA US",56.66872767066087,55.513333333333335,75.2,68.96000000000001,0.55,28,3.393333333333333,15.0,44.69666666666667,85.40512820512821
830,2014-12-06,2014-12-06,1,35.9229,-119.0103,15.3,12.75,25.5,62,72389523149,"PORTERVILLE MUNICIPAL AIRPORT, CA US",13.169115783666172,55.82333333333333,80.6,69.74000000000001,0.55,28,3.3800000000000003,15.0,44.873333333333335,85.88205128205128
832,2014-12-01,2014-12-01,1,36.5387,-119.9135,7.2,7.2,7.2,52,74702023110,"LEMOORE REEVES NAS, CA US",23.15330342942263,54.21666666666666,79.0,70.43333333333334,0.8500000000000001,27,5.0200000000000005,21.0,2701.106666666666,57.07017543859648
833,2014-12-01,2014-12-01,1,36.5575,-120.0296,75.2,31.24,156.20000000000002,85,74702023110,"LEMOORE REEVES NAS, CA US",26.40501934854249,54.21666666666666,79.0,70.43333333333334,0.8500000000000001,27,5.0200000000000005,21.0,2701.106666666666,57.07017543859648
834,2014-12-01,2014-12-01,1,36.5513,-119.4357,15.1,15.1,15.1,65,72389693144,"VISALIA MUNICIPAL AIRPORT, CA US",26.3436763025753,54.519999999999996,80.6,68.96000000000001,1.04,28,2.406666666666667,22.0,44.35333333333333,47.82456140350876
836,2014-12-30,2014-12-30,1,36.6753,-120.5217,28.7,28.1,56.2,81,74504693242,"MADERA MUNICIPAL AIRPORT, CA US",57.12807819479701,52.54,75.0,63.91666666666667,3.06,19,4.776666666666666,19.0,45.32000000000001,16.626582278481013
839,2014-12-01,2014-12-03,3,36.8146,-120.186,20.2,17.400000000000002,52.2,81,74504693242,"MADERA MUNICIPAL AIRPORT, CA US",20.684844758250406,54.46666666666666,77.0,69.14333333333335,0.8,25,3.1966666666666663,20.0,45.63333333333334,60.51851851851851
840,2014-12-25,2014-12-25,1,37.0004,-120.2533,8.5,8.5,8.5,59,74504693242,"MADERA MUNICIPAL AIRPORT, CA US",15.922247539052936,54.02,75.0,66.25333333333333,3.059999999999999,19,4.56,19.0,46.46,17.094936708860764
842,2014-12-01,2014-12-01,1,37.1366,-120.1845,42.7,29.85,59.7,91,74504693242,"MADERA MUNICIPAL AIRPORT, CA US",18.71158277546015,54.46666666666666,77.0,69.14333333333335,0.8,25,3.1966666666666663,20.0,45.63333333333334,60.51851851851851
853,2014-12-10,2014-12-10,1,39.0805,-119.9224,19.9,19.9,19.9,89,72055199999,"MINDEN TAHOE AIRPORT, NV US",20.985333699970106,37.946666666666665,9999.9,717.6466666666668,699.93,23,4.6466666666666665,28.9,23.023333333333333,0.054207200643781935
854,2014-12-10,2014-12-10,1,39.721,-121.1005,44.5,24.4,97.6,100,74948600397,"NEVADA CO AIR PARK, CA US",56.21854138315927,50.92666666666667,69.8,57.080000000000005,0.0,30,3.37,18.1,39.55,509.26666666666665
